smiles,experimental,predicted,error,abs_error,baseline,baseline_error
CC[C@H](CO)Nc1nc(NCc2ccccc2)c3ncn(C(C)C)c3n1,3.63,3.7270560264587402,0.09705602645874034,0.09705602645874034,3.2021000000000015,-0.4278999999999984
CNC(=O)c1ccc(Nc2nccc(n2)c3cnc(C4CC4)n3C(C)C)cc1,2.77,3.0354137420654297,0.26541374206542967,0.26541374206542967,3.901600000000003,1.1316000000000028
NC(=O)c1cccc(OC2CCN(CC3CC3)CC2)c1,0.49,1.095717430114746,0.6057174301147461,0.6057174301147461,2.0387,1.5487
CCCCC(O)c1[nH]c2cc(C)c(cc2c1CCc3ccccc3)C(=O)O,2.59,2.802488327026367,0.21248832702636733,0.21248832702636733,5.183320000000005,2.5933200000000047
COc1ccc2c(C)cc(N[C@H]3CCC[C@@H](C3)NCc4cccc(OC(F)(F)F)c4)nc2c1,3.61,3.4482383728027344,-0.1617616271972655,0.1617616271972655,5.963320000000006,2.353320000000006
Clc1ccccc1N2CCN(CC2)C(=O)NC3CCCCC3,3.78,3.308551788330078,-0.4714482116699217,0.4714482116699217,3.5043000000000015,-0.2756999999999983
CC1(C)CC(=O)c2c(N)c3ccccc3nc2C1,3.0,2.681852340698242,-0.3181476593017578,0.3181476593017578,2.972100000000001,-0.027899999999998926
CC1CC(=O)Nc2ccccc2N1,0.56,0.744260847568512,0.1842608475685119,0.1842608475685119,1.8291999999999997,1.2691999999999997
CCc1nc2cc(O)ccc2c(Oc3ccc(\C=C\C(=O)O)cc3)c1c4ccccc4,3.0,2.4692888259887695,-0.5307111740112305,0.5307111740112305,6.059900000000006,3.059900000000006
COc1ccc(cc1)c2nc(nc(O)c2C#N)N3CCOCC3,0.2,1.6472246646881104,1.4472246646881104,1.4472246646881104,1.5660799999999997,1.3660799999999997
Cc1ccc2nc(CCNCCCO)ccc2c1NC(=O)CC34CC5CC(CC(C5)C3)C4,1.18,2.163175106048584,0.983175106048584,0.983175106048584,4.602720000000003,3.4227200000000035
O=C(CC12CC3CC(CC(C3)C1)C2)Nc4cccc5ncccc45,3.83,3.7167434692382812,-0.11325653076171882,0.11325653076171882,4.779800000000004,0.9498000000000042
OCCNCCNc1ccc2c(NC(=O)CC34CC5CC(CC(C5)C3)C4)cccc2n1,1.79,2.1990301609039307,0.40903016090393063,0.40903016090393063,3.773600000000002,1.9836000000000018
Nc1ccc(OCCc2ccccc2)cc1,2.71,2.8113415241241455,0.10134152412414554,0.10134152412414554,2.8903000000000016,0.18030000000000168
CC(N(O)C(=O)N)c1cc2ccccc2s1,2.05,1.9432547092437744,-0.10674529075622541,0.10674529075622541,2.7322000000000015,0.6822000000000017
NC(=N)c1cc2c(I)cccc2s1,0.74,0.8780208230018616,0.13802082300186158,0.13802082300186158,2.789970000000001,2.049970000000001
Cc1ccc(cc1)S(=O)(=O)NC(=O)NN2CCCCCC2,0.01,-0.18144658207893372,-0.19144658207893372,0.19144658207893372,1.77392,1.76392
Cc1ccc(cc1NC(=O)c2ccc(OCc3ccccn3)cc2)c4ncc(CN5CCOCC5)s4,3.1,2.9220094680786133,-0.1779905319213868,0.1779905319213868,5.177020000000004,2.077020000000004
CSc1ncccc1C(=O)NCCc2ccc(Cl)cc2,3.31,3.133889675140381,-0.1761103248596192,0.1761103248596192,3.429400000000002,0.11940000000000195
CC1Cc2ccccc2N1NC(=O)c3ccc(Cl)c(c3)S(=O)(=O)N,1.83,2.9116621017456055,1.0816621017456054,1.0816621017456054,2.0834,0.25340000000000007
O=C(Nc1ccc(nc1)n2ccnc2)c3ccc(cc3)C#N,2.2,1.9067192077636719,-0.2932807922363283,0.2932807922363283,2.39128,0.1912799999999999
Cc1nccc(c1Cl)c2ccc(cc2)c3nc4ccncc4c(O)c3C#N,2.0,2.3150715827941895,0.31507158279418945,0.31507158279418945,4.8979000000000035,2.8979000000000035
Cc1cc(ccn1)c2ccc(cc2)c3nc4ccncc4c(O)c3C#N,1.6,2.0899362564086914,0.4899362564086913,0.4899362564086913,4.244500000000004,2.644500000000004
Fc1ccccc1c2ccc3c(c2)C(=O)C(=O)c4ccccc34,2.92,3.307626724243164,0.38762672424316413,0.38762672424316413,4.538700000000003,1.6187000000000031
CCOc1ccccc1c2ccc3c(c2)C(=O)C(=O)c4ccccc34,2.67,3.384599447250366,0.7145994472503663,0.7145994472503663,4.798300000000004,2.128300000000004
Cc1cc(N)nc(CCNC(=O)c2ccc(cc2)C#N)c1,1.62,1.3253424167633057,-0.29465758323669444,0.29465758323669444,1.8164,0.1963999999999999
Oc1c(C#N)c(nc2ccncc12)c3ccc(cc3)c4ccccc4CN5CCOCC5,2.0,2.7854537963867188,0.7854537963867188,0.7854537963867188,4.373280000000005,2.3732800000000047
FC(F)(F)c1nnc2ccc(nn12)N3CCCCCC3,3.29,3.241499900817871,-0.04850009918212894,0.04850009918212894,2.5235000000000003,-0.7664999999999997
CC(C)C(NC(=O)CN1C(=O)C(=CN=C1c2ccccc2)NC(=O)OCC(F)(F)F)C(=O)C(F)(F)F,2.37,2.342275619506836,-0.02772438049316417,0.02772438049316417,3.2933000000000012,0.9233000000000011
COC(=O)NC1=CN=C(N(CC(=O)NC(C(C)C)C(=O)C(F)(F)F)C1=O)c2ccc(F)cc2,1.82,1.9694559574127197,0.14945595741271966,0.14945595741271966,2.4998999999999993,0.6798999999999993
CC(C)C(NC(=O)CN1C(=O)C(=CN=C1c2ccc(F)cc2)N)C(=O)C(F)(F)F,1.05,1.5909240245819092,0.5409240245819091,0.5409240245819091,1.9037999999999995,0.8537999999999994
CNC1=CN=C(N(CC(=O)NC(C(C)C)C(=O)C(F)(F)F)C1=O)c2ccc(F)cc2,1.86,1.8765287399291992,0.01652873992919912,0.01652873992919912,2.3632999999999997,0.5032999999999996
CC(C)C(NC(=O)CN1C(=O)C(=CN=C1c2cc(F)cc(F)c2)N)C(=O)C(F)(F)F,1.38,1.787454605102539,0.40745460510253917,0.40745460510253917,2.0428999999999995,0.6628999999999996
CN(C)S(=O)(=O)c1ccc2Sc3ccccc3\C(=C\CCN4CCN(C)CC4)\c2c1,3.16,2.9155309200286865,-0.24446907997131362,0.24446907997131362,3.4707000000000026,0.3107000000000024
CC(C)[C@@H](CN1CC[C@](C)([C@@H](C)C1)c2cccc(O)c2)NC(=O)[C@H]3Cc4ccc(O)cc4CN3,2.39,2.775505304336548,0.3855053043365477,0.3855053043365477,3.5526000000000018,1.1626000000000016
COc1cc(Cc2cnc(N)nc2N)cc(OC)c1OC,0.63,0.8387162089347839,0.20871620893478393,0.20871620893478393,1.2575999999999998,0.6275999999999998
COc1ccc(Cn2cc3N(CC(C)C)C(=O)N(C)C(=O)c3c2)cc1,3.52,3.4154787063598633,-0.10452129364013674,0.10452129364013674,2.2146,-1.3054000000000001
CN(CCOc1ccccc1c2cc(C(=O)N)c(NC(=O)N)s2)Cc3ccccc3,3.46,2.7541728019714355,-0.7058271980285644,0.7058271980285644,3.5154000000000014,0.05540000000000145
CC1=CC2=NNC(=O)N2c3cc(ccc13)c4ccncc4,2.29,2.4221529960632324,0.1321529960632324,0.1321529960632324,2.546220000000001,0.2562200000000008
COc1cccc(CNCc2cccc(CCNC[C@H](O)c3ccc(O)c4NC(=O)Sc34)c2)c1,0.91,0.7790233492851257,-0.1309766507148743,0.1309766507148743,3.4593000000000007,2.5493000000000006
COc1ccccc1CN(C)Cc2cccc(CCNC[C@H](O)c3ccc(O)c4NC(=O)Sc34)c2,1.52,1.2755649089813232,-0.24443509101867678,0.24443509101867678,3.8015000000000017,2.2815000000000016
COc1ccc(CNCc2cccc(CCNC[C@H](O)c3ccc(O)c4NC(=O)Sc34)c2)cc1,0.86,0.8342178463935852,-0.02578215360641478,0.02578215360641478,3.4593000000000016,2.5993000000000017
O[C@@H](CNCCc1cccc(CNCc2ccccc2Cl)c1)c3ccc(O)c4NC(=O)Sc34,1.85,1.3289601802825928,-0.5210398197174073,0.5210398197174073,4.104100000000003,2.2541000000000033
O[C@@H](CNCCc1cccc(CNCc2ccccc2F)c1)c3ccc(O)c4NC(=O)Sc34,0.69,1.1789770126342773,0.4889770126342774,0.4889770126342774,3.5898000000000017,2.8998000000000017
CCOc1ccccc1CNCc2cccc(CCNC[C@H](O)c3ccc(O)c4NC(=O)Sc34)c2,1.13,1.3201024532318115,0.19010245323181163,0.19010245323181163,3.849400000000002,2.719400000000002
CNC(=O)c1[nH]cnc1C(=O)Nc2ccc(OC)cc2,2.2,1.5975353717803955,-0.6024646282196047,0.6024646282196047,1.0301999999999993,-1.1698000000000008
OC(=O)CN1C(=O)C(Cc2ccccc12)NC(=O)c3cc4sc(Cl)c(Cl)c4[nH]3,0.67,1.1919317245483398,0.5219317245483398,0.5219317245483398,3.3085000000000013,2.6385000000000014
CNc1cccc(CCOc2ccc(C[C@H](NC(=O)c3c(Cl)cccc3Cl)C(=O)O)cc2C)n1,0.34,-0.11472451686859131,-0.45472451686859133,0.45472451686859133,4.785720000000003,4.445720000000003
CNc1cccc(CCOc2ccc(C[C@H](NC(=O)c3c(Cl)cccc3Cl)C(=O)O)cc2F)n1,-0.05,-0.25606295466423035,-0.20606295466423036,0.20606295466423036,4.616400000000003,4.666400000000003
CNc1cccc(CCOc2ccc(C[C@H](NC(=O)c3c(F)cccc3Cl)C(=O)O)cc2)n1,-0.42,-0.5201531648635864,-0.10015316486358644,0.10015316486358644,3.963000000000002,4.383000000000002
CNc1cccc(CCOc2ccc(C[C@H](NC(=O)c3c(C)cc(C)cc3C)C(=O)O)cc2)n1,0.52,0.22406917810440063,-0.2959308218955994,0.2959308218955994,4.095760000000003,3.575760000000003
CNc1cccc(CCOc2ccc(C[C@H](NC(=O)c3ccccc3Cl)C(=O)O)cc2)n1,-0.31,-0.42626845836639404,-0.11626845836639405,0.11626845836639405,3.823900000000002,4.1339000000000015
CNc1cccc(CCOc2ccc(C[C@H](NC(=O)c3ccc(F)cc3Cl)C(=O)O)cc2)n1,-0.04,-0.3248779773712158,-0.28487797737121584,0.28487797737121584,3.963000000000002,4.003000000000002
CNc1cccc(CCOc2ccc(C[C@H](NC(=O)c3c(Cl)cccc3Cl)C(=O)O)cc2)n1,-0.15,-0.352138876914978,-0.20213887691497803,0.20213887691497803,4.477300000000002,4.627300000000003
CC(C)C[C@H](CO)Nc1nc(SCc2ccncc2)nc3nc(N)sc13,2.9,3.4167628288269043,0.5167628288269044,0.5167628288269044,3.1747000000000005,0.2747000000000006
CC1=C(OCc2ccccc2)C(=O)C=CO1,1.87,2.092559576034546,0.2225595760345458,0.2225595760345458,2.5272200000000007,0.6572200000000006
CC1=C(OCc2ccc(F)cc2)C(=O)C=CO1,1.91,2.4239017963409424,0.5139017963409425,0.5139017963409425,2.6663200000000007,0.7563200000000008
C[C@H](CNCCc1ccncc1)c2c([nH]c3ccc(cc23)C(C)(C)C(=O)N4C5CCC4CC5)c6cc(C)cc(C)c6,4.35,3.731447696685791,-0.6185523033142086,0.6185523033142086,7.213540000000008,2.8635400000000084
C[C@H](NC(=O)c1c(C)nn(C2CCCCC2)c1NS(=O)(=O)c3ccc(C)cc3)C(C)(C)C,1.97,1.5561187267303467,-0.4138812732696533,0.4138812732696533,4.970340000000005,3.000340000000005
CC(=O)C1=C(C)c2cnc(Nc3ccc(cn3)N4CCNCC4)nc2N(C5CCCC5)C1=O,0.8,1.7513527870178223,0.9513527870178222,0.9513527870178222,2.965820000000001,2.165820000000001
Nc1ccccc1NC(=O)c2ccc(cc2)C3CCN(CCC(=O)Nc4ccccc4F)CC3,2.76,2.2830073833465576,-0.47699261665344217,0.47699261665344217,4.868400000000004,2.108400000000004
Clc1ccc(Nc2nnc(Cc3ccncc3)c4ccccc24)cc1,3.7,3.7517848014831543,0.05178480148315412,0.05178480148315412,5.012600000000003,1.3126000000000024
CCC(CC)NC(=O)c1cnn(c1NS(=O)(=O)c2ccc(cc2)c3ocnc3)c4ccccc4,0.8,1.2116773128509521,0.4116773128509521,0.4116773128509521,4.246500000000003,3.446500000000003
CCCc1c(cnn1c2ccccc2)C(=O)Nc3cc(C)on3,3.7,3.1828107833862305,-0.5171892166137697,0.5171892166137697,3.373520000000002,-0.3264799999999983
CC(C)C(NC(=O)CN1C(=O)C(=CN=C1c2cccs2)NC(=O)OCc3ccccc3)C(=O)C(F)(F)F,2.02,2.5704498291015625,0.5504498291015625,0.5504498291015625,3.992700000000002,1.972700000000002
CC(C)Nc1nc(nc(N2CCOCC2)c1N)C#N,2.04,2.0475471019744873,0.007547101974487269,0.007547101974487269,0.5873799999999999,-1.45262
CCC(C)Nc1nc(nc(N2CCOCC2)c1N)C#N,2.8,2.541071653366089,-0.25892834663391096,0.25892834663391096,0.9774799999999999,-1.82252
CC(C)(C)CNc1nc(nc(N2CCOCC2)c1N)C#N,3.08,2.993103504180908,-0.08689649581909187,0.08689649581909187,1.2250799999999997,-1.8549200000000003
CC(C)CNc1nc(nc(N2CCOCC2)c1N)C#N,2.79,2.828995704650879,0.03899570465087887,0.03899570465087887,0.8349799999999998,-1.9550200000000002
Clc1ccccc1CNC(=O)c2ccccc2Oc3ccccc3,3.58,3.7787604331970215,0.1987604331970214,0.1987604331970214,5.062300000000003,1.482300000000003
COc1cc2ncc(C(=O)N)c(Nc3ccc(F)cc3F)c2cc1NCCN4CCCCC4,2.52,2.7175450325012207,0.19754503250122069,0.19754503250122069,4.261900000000003,1.7419000000000033
COc1ccc(cc1)C(=O)C2CCN(CC2)C(=O)c3occc3,2.42,2.0222060680389404,-0.3977939319610595,0.3977939319610595,3.0233000000000017,0.6033000000000017
COc1ccc(cc1)C(CNC(=O)Nc2ccccc2)N3CCN(C)CC3,1.5,1.9734230041503906,0.4734230041503906,0.4734230041503906,2.8054000000000014,1.3054000000000014
CC(=O)Nc1cccc(Nc2nc(NC3CC3)n4ncc(C#N)c4n2)c1,2.1,2.4673690795898438,0.36736907958984366,0.36736907958984366,2.2722799999999994,0.17227999999999932
Oc1ccc(cc1)c2csc(n2)c3ccc(O)cc3,3.7,3.541259765625,-0.15874023437500018,0.15874023437500018,3.888300000000002,0.1883000000000017
CN(C)C(=O)C(CCN1CCC(O)(CC1)c2ccc(Cl)cc2)(c3ccccc3)c4ccccc4,3.47,3.547153949737549,0.07715394973754863,0.07715394973754863,5.088000000000005,1.6180000000000052
Cc1nc(C)c(nc1C(=O)N)c2ccc([C@@H]3CC[C@@H](CC(=O)O)CC3)c(F)c2,1.3,1.622392177581787,0.32239217758178706,0.32239217758178706,3.746940000000002,2.4469400000000023
Cc1ncc(nc1C(=O)N)c2ccc(cc2)[C@@H]3CC[C@@H](CC(=O)O)CC3,1.0,1.337522268295288,0.3375222682952881,0.3375222682952881,3.2994200000000014,2.2994200000000014
Cc1ncc(nc1c2ccc(cc2)[C@@H]3CC[C@H](CC3)C(=O)O)C(=O)N,0.22,0.929800808429718,0.709800808429718,0.709800808429718,2.9093199999999992,2.689319999999999
Cc1nc(C)c(nc1C(=O)N)c2ccc(cc2)[C@@H]3CC[C@@H](CC(=O)N)CC3,2.7,2.7315547466278076,0.03155474662780744,0.03155474662780744,3.008540000000001,0.3085400000000007
Cc1nc(C)c(nc1C(=O)N)c2ccc([C@@H]3CC[C@H](CC(=O)O)CC3)c(F)c2,1.2,1.621408224105835,0.421408224105835,0.421408224105835,3.746940000000002,2.546940000000002
Cc1nc(C)c(nc1C(=O)N)c2ccc([C@@H]3CC[C@H](CC(=O)O)CC3)c(Cl)c2,1.7,1.7437324523925781,0.04373245239257817,0.04373245239257817,4.2612400000000035,2.5612400000000033
Cc1nc(C)c(nc1C(=O)N)c2ccc(cc2)[C@@H]3CC[C@@H](CCC(=O)O)CC3,1.6,1.6063060760498047,0.006306076049804599,0.006306076049804599,3.9979400000000025,2.3979400000000024
Cc1nc(C)c(nc1C(=O)N)c2ccc([C@@H]3CC[C@@H](CC(=O)O)CC3)c(Cl)c2,1.8,1.7264881134033203,-0.07351188659667973,0.07351188659667973,4.2612400000000035,2.4612400000000036
OC(=O)C[C@@H]1CC[C@H](CC1)c2ccc(NC(=O)c3oc(Nc4ccccc4F)nn3)cc2,2.48,2.2573390007019043,-0.22266099929809569,0.22266099929809569,4.953100000000004,2.4731000000000036
Cc1cc2cc(C)c3nnc(SCC(=O)N4CCN(CC4)C(=O)c5occc5)n3c2cc1C,2.8,2.946133852005005,0.14613385200500506,0.14613385200500506,3.4774600000000024,0.6774600000000026
Cc1ccc2cc(C)c3nnc(SCC(=O)N4CCN(CC4)C(=O)c5occc5)n3c2c1,2.3,2.7720704078674316,0.4720704078674318,0.4720704078674318,3.1690400000000016,0.8690400000000018
CCC(N(CCCN)C(=O)c1ccc(C)cc1)C2=Nc3nccnc3C(=O)N2Cc4ccccc4,-0.14,0.6823963522911072,0.8223963522911072,0.8223963522911072,3.485520000000003,3.625520000000003
CNC(=O)c1ccc(C)c(c1)N2C(=CC(=C(Br)C2=O)OCc3ccc(F)cc3F)C,2.8,3.0711498260498047,0.27114982604980487,0.27114982604980487,4.433640000000003,1.6336400000000033
CCCSc1nc(ccc1C(=O)N[C@@H]2C3CC4CC2C[C@@](O)(C4)C3)N5CCOCC5,3.2,2.8978934288024902,-0.30210657119750994,0.30210657119750994,3.0897000000000014,-0.11029999999999873
Cc1cc(NC(=O)c2ccccc2)n[nH]1,1.75,2.053112268447876,0.303112268447876,0.303112268447876,1.9704199999999996,0.22041999999999962
Cn1c(CN2CCC(CC2)c3ccccc3)nc4ccccc14,3.6,2.9123120307922363,-0.6876879692077638,0.6876879692077638,3.952900000000003,0.3529000000000031
C[C@@H]1CNc2c(sc3ccc4nc(ccc4c23)c5ccc(C)nc5)C(=O)N1,3.6,2.7250683307647705,-0.8749316692352296,0.8749316692352296,4.363720000000003,0.7637200000000033
CS(=O)(=O)Cc1cc(nc(n1)c2cccc3[nH]ccc23)N4CCOCC4,1.7,2.070498466491699,0.37049846649169926,0.37049846649169926,2.0061,0.30610000000000004
CC(C)(c1cc(nc(n1)c2cccc3[nH]ccc23)N4CCOCC4)S(=O)(=O)C,2.65,2.6281585693359375,-0.02184143066406241,0.02184143066406241,2.741200000000001,0.09120000000000106
Cn1ccc2c(cccc12)c3nc(CS(=O)(=O)C)cc(n3)N4CCOCC4,2.0,2.366034507751465,0.36603450775146484,0.36603450775146484,2.0165,0.01650000000000018
COc1cccc([C@H](O)C2CCN(CCc3ccc(F)cc3)CC2)c1OC,1.7,2.7464191913604736,1.0464191913604737,1.0464191913604737,3.831000000000003,2.131000000000003
OCC(=O)N1CCC(CC1)c2[nH]nc(c3ccc(Cl)cc3F)c2c4ccncn4,1.79,1.980848789215088,0.19084878921508786,0.19084878921508786,3.0245000000000006,1.2345000000000006
CC(C)NC(=O)NS(=O)(=O)c1cnccc1Nc2cccc(C)c2,0.3,-0.2600626051425934,-0.5600626051425934,0.5600626051425934,2.5299200000000006,2.229920000000001
FC(F)(F)c1nnc2ccc(NCn3nnc4ccccc34)nn12,2.34,3.0584018230438232,0.7184018230438234,0.7184018230438234,1.957399999999999,-0.38260000000000094
C[C@H](CO)Nc1nc(SCc2cccc(F)c2F)nc3nc(N)cnc13,2.89,3.222087860107422,0.33208786010742175,0.33208786010742175,2.3651999999999997,-0.5248000000000004
C[C@H](CO)Nc1nc(SCc2cccc(F)c2F)nc3nccnc13,3.15,3.3529953956604004,0.20299539566040048,0.20299539566040048,2.7830000000000013,-0.36699999999999866
C[C@H](CO)Nc1nc(SCc2cccc(F)c2F)nc3nc(C)cnc13,3.55,3.404682159423828,-0.1453178405761717,0.1453178405761717,3.091420000000001,-0.45857999999999866
C[C@H](CO)Nc1nc(SCc2cccc(F)c2F)nc3ncc(C)nc13,3.5,3.4070444107055664,-0.0929555892944336,0.0929555892944336,3.091420000000001,-0.40857999999999883
CN1CCN(CC1)c2ccc3N=CN(C(=O)c3c2)c4cc(ccc4C)C(=O)Nc5ccon5,1.87,1.9840383529663086,0.11403835296630849,0.11403835296630849,2.6862199999999996,0.8162199999999995
CC(C)(C)OC(=O)N1CCN(CC1)c2cnc(OCc3ccc(cc3)S(=O)(=O)C)cn2,3.4,3.365856170654297,-0.034143829345703036,0.034143829345703036,2.5162000000000013,-0.8837999999999986
C[C@H](NC(=O)c1c(C)nn(C2CCOC2)c1NS(=O)(=O)c3ccc(C)cc3)C(C)(C)C,0.78,0.5440309643745422,-0.2359690356254578,0.2359690356254578,3.426540000000002,2.6465400000000017
CCO[C@@H]1OC(=O)C[C@@H]1NC(=O)[C@@H]2CCCN3N2C(=O)[C@H](CCC3=O)NC(=O)c4nccc5ccccc45,1.16,1.360734462738037,0.2007344627380372,0.2007344627380372,0.6559000000000019,-0.504099999999998
FC1(F)Oc2ccc(\C=C\3/SC(=O)NC3=O)cc2O1,2.8,2.5763797760009766,-0.22362022399902326,0.22362022399902326,2.332,-0.46799999999999997
CC(=O)NC[C@H]1CN(C(=O)O1)c2ccc(N3CCN(CC3)c4ccc(cn4)C#N)c(F)c2,1.98,2.0078983306884766,0.02789833068847658,0.02789833068847658,1.8802799999999993,-0.0997200000000007
CS(=O)(=O)NC(=O)CCCc1c([nH]c2ccc(cc12)C#N)c3ccc(F)cc3,1.5,1.287064790725708,-0.212935209274292,0.212935209274292,3.244180000000002,1.7441800000000018
NS(=O)(=O)NC(=O)CCCc1c([nH]c2ccc(cc12)C#N)c3ccc(F)cc3,1.95,1.4739995002746582,-0.47600049972534175,0.47600049972534175,2.488080000000001,0.538080000000001
Cc1c(c2ccc(O)cc2)n(C)c3ccc(O)cc13,3.8,3.4089250564575195,-0.3910749435424803,0.3910749435424803,3.5649200000000016,-0.23507999999999818
Cc1cc(Nc2ccc(F)cc2)nc(N)n1,2.08,2.243044853210449,0.16304485321044915,0.16304485321044915,2.2499199999999995,0.1699199999999994
CC(C)CC(N1NC(=O)c2nc3cc(Cl)ccc3c(O)c2C1=O)c4ccncc4,1.64,1.3096377849578857,-0.33036221504211416,0.33036221504211416,3.6275000000000013,1.9875000000000014
CCCCC(N1NC(=O)c2nc3cc(Cl)ccc3c(O)c2C1=O)c4ccncc4,1.4,1.2615580558776855,-0.13844194412231436,0.13844194412231436,3.771600000000002,2.371600000000002
O=C(NCCSCc1ccccc1)c2ccccc2,3.3,3.1944050788879395,-0.10559492111206037,0.10559492111206037,3.349800000000002,0.049800000000002065
CNc1cccc(CCCc2ccc(C[C@H](NC(=O)c3c(Cl)cccc3Cl)C(=O)O)s2)n1,0.78,0.48194384574890137,-0.29805615425109866,0.29805615425109866,5.0926000000000045,4.312600000000004
OC(=O)CCC[C@H]1[C@@H](Cc2ccccc12)NC(=O)c3cc4cc(F)ccc4[nH]3,1.95,2.0743634700775146,0.12436347007751469,0.12436347007751469,4.000200000000002,2.050200000000002
OC(=O)C[C@H]1[C@@H](Cc2ccccc12)NC(=O)c3cc4cc(F)ccc4[nH]3,1.26,1.631561279296875,0.371561279296875,0.371561279296875,3.2200000000000015,1.9600000000000015
OC(=O)C[C@H]1[C@@H](Cc2ccccc12)NC(=O)c3cc4cc(Cl)ccc4[nH]3,1.79,2.0329275131225586,0.24292751312255856,0.24292751312255856,3.734300000000002,1.944300000000002
C=CCCCCCCCCC(=O)N[C@H]1CCC(=O)NC1=O,2.64,2.784821033477783,0.14482103347778308,0.14482103347778308,2.2145999999999995,-0.42540000000000067
Oc1ccc(CCNCCCS(=O)(=O)NCCOCCSc2ccccc2)c3sc(O)nc13,1.84,2.1533243656158447,0.31332436561584465,0.31332436561584465,2.9580000000000015,1.1180000000000014
CNc1c(Cl)cnc2[nH]c(nc12)c3ccc(OCCN4CCOCC4)cc3,2.63,2.94293212890625,0.3129321289062501,0.3129321289062501,3.0310000000000015,0.4010000000000016
CNc1c(cnc2[nH]c(nc12)c3ccc(OCCN4CCOCC4)cc3)C(=O)N,2.14,2.175678253173828,0.035678253173828,0.035678253173828,1.4764999999999997,-0.6635000000000004
CC(C)(C)NS(=O)(=O)c1cncc(c1)c2ccc3nc(NC(=O)NCC(=O)N4CCCC4)nn3c2,1.37,2.02073073387146,0.6507307338714599,0.6507307338714599,1.6119999999999997,0.24199999999999955
NC(=O)c1cnc(N[C@H]2CCCNC2)c3cc(sc13)c4ccncc4,0.77,0.9817494750022888,0.2117494750022888,0.2117494750022888,2.6211,1.8511000000000002
Cc1ccc(NC(=O)c2cccc(c2)C(F)(F)F)cc1NC(=O)c3cccnc3,3.11,3.279325008392334,0.1693250083923341,0.1693250083923341,4.913420000000003,1.8034200000000031
CCC1(CCCCN(C)C1)c2cccc(O)c2,0.8,1.601977825164795,0.8019778251647949,0.8019778251647949,3.155700000000002,2.3557000000000023
COc1ccnc(C[S+]([O-])c2nc3cc(OC(F)F)ccc3[nH]2)c1OC,2.0,1.5465061664581299,-0.4534938335418701,0.4534938335418701,2.8843000000000005,0.8843000000000005
Cc1c(OCC(F)(F)F)ccnc1C[S+]([O-])c2nc3ccccc3[nH]2,2.7,1.974454402923584,-0.7255455970764162,0.7255455970764162,3.515220000000001,0.8152200000000009
COCCCOc1ccnc(C[S+]([O-])c2nc3ccccc3[nH]2)c1C,-0.69,1.4882490634918213,2.1782490634918212,2.1782490634918212,2.989420000000001,3.679420000000001
CCN1CCOC(C1)C(=O)N2CCN(CC2)C(=O)Nc3ccc(Cl)c(Cl)c3,2.1,2.206124782562256,0.10612478256225577,0.10612478256225577,2.3902,0.2902
Nc1ncnc2sc(nc12)c3c(ncn3Cc4ccccc4N5CCOCC5)c6ccccc6,3.58,3.6157474517822266,0.03574745178222649,0.03574745178222649,4.083900000000003,0.5039000000000033
Fc1ccc(cc1)n2cc(C3CCNCC3)c4cc(Cl)ccc24,2.4,2.2744078636169434,-0.12559213638305655,0.12559213638305655,4.890000000000003,2.4900000000000033
O=C1CCOc2cc(COc3ccccc3)ccc12,3.0,2.9444851875305176,-0.05551481246948242,0.05551481246948242,3.230800000000002,0.23080000000000211
CCN(C1CCN(CC[C@H](C2CCN(CC2)S(=O)(=O)C)c3cc(C)cc(C)c3)CC1)C(=O)Cc4ccc(cc4)S(=O)(=O)C,1.93,2.161926746368408,0.23192674636840827,0.23192674636840827,4.407840000000004,2.477840000000004
CCN(C1CCN(CC[C@H](C2CCN(CC2)S(=O)(=O)C)c3cccc(c3)C(F)(F)F)CC1)C(=O)Cc4ccc(cc4)S(=O)(=O)C,1.9,2.386051654815674,0.4860516548156739,0.4860516548156739,4.8098000000000045,2.9098000000000046
CCN(C1CCN(CC[C@H](C2CCN(CC2)S(=O)(=O)C(F)(F)F)c3ccccc3)CC1)C(=O)Cc4ccc(cc4)S(=O)(=O)C,3.39,2.599010467529297,-0.7909895324707032,0.7909895324707032,4.6810000000000045,1.2910000000000044
CCN(C1CCN(CC[C@H](C2CCN(CC2)S(=O)(=O)C)c3cccc(F)c3)CC1)C(=O)Cc4ccc(cc4)S(=O)(=O)C,1.44,2.139181613922119,0.6991816139221192,0.6991816139221192,3.930100000000003,2.490100000000003
CCN(C1CCN(CC[C@H](C2CCN(CC2)S(=O)(=O)C)c3cc(Cl)cc(Cl)c3)CC1)C(=O)Cc4ccc(cc4)S(=O)(=O)C,2.6,2.5788216590881348,-0.021178340911865323,0.021178340911865323,5.097800000000006,2.4978000000000056
CCN(C1CCN(CC[C@H](C2CCN(CC2)S(=O)(=O)C)c3ccccc3)CC1)C(=O)Cc4ccc(cc4)S(=O)(=O)C,1.05,1.8900172710418701,0.8400172710418701,0.8400172710418701,3.791000000000003,2.741000000000003
COc1ccc(C(CN2CCCC2)N(C)C(=O)Cc3ccc(Cl)c(Cl)c3)c(OC)c1,3.07,2.9756786823272705,-0.09432131767272933,0.09432131767272933,4.848600000000005,1.7786000000000048
CN(C(CN1CCCC1)c2ccccc2)C(=O)Cc3ccc(Cl)c(Cl)c3,3.38,3.338784694671631,-0.041215305328369034,0.041215305328369034,4.831400000000005,1.451400000000005
CCN(CC)CCOC(=O)C1(CCCC1)c2ccccc2,2.3,2.1116762161254883,-0.18832378387451154,0.18832378387451154,3.3834000000000017,1.083400000000002
CCN(CC)CCOCCOC(=O)C1(CCCC1)c2ccccc2,1.33,2.2806098461151123,0.9506098461151122,0.9506098461151122,3.400000000000002,2.070000000000002
NC(=O)c1cn([C@@H]2O[C@H](CO)[C@@H](O)[C@H]2O)c3ncnc(N)c13,-0.87,-0.6977468729019165,0.1722531270980835,0.1722531270980835,-2.2760999999999996,-1.4060999999999995
Clc1ccc(CNC(=N)SCCCc2c[nH]cn2)cc1,1.13,0.7448775768280029,-0.38512242317199696,0.38512242317199696,3.453470000000001,2.3234700000000013
CN(c1ccnc(Nc2cc(cc(c2)C(=O)N3CCOCC3)N4CCOCC4)n1)c5cc(CO)ccc5C,2.2,2.629342794418335,0.4293427944183348,0.4293427944183348,3.0978200000000014,0.8978200000000012
CN1N=Nc2c(ncn2C1=O)C(=O)N,-1.08,-0.6788017153739929,0.40119828462600715,0.40119828462600715,-2.078099999999999,-0.9980999999999991
Clc1ccc2OCOc2c1Nc3ncnc4cc(OCCN5CCCC5)cc(OC6CCOCC6)c34,2.6,2.7468101978302,0.1468101978302001,0.1468101978302001,4.787900000000003,2.187900000000003
CC(C)N(CCCNC(=O)Nc1ccc(cc1)C(C)(C)C)C[C@H]2O[C@H]([C@H](O)[C@@H]2O)n3cnc4c(N)ncnc34,2.2,1.7732527256011963,-0.4267472743988039,0.4267472743988039,2.2474,0.047399999999999665
COCCNS(=O)(=O)c1ccc(Nc2nccc(n2)c3cnc4cccnn34)cc1,2.8,2.7940986156463623,-0.005901384353637518,0.005901384353637518,1.8545999999999994,-0.9454000000000005
CN(C)CCCNS(=O)(=O)c1ccc(Nc2nccc(n2)c3cnc4cccnn34)cc1,1.4,1.891197681427002,0.49119768142700204,0.49119768142700204,2.1598999999999995,0.7598999999999996
CNS(=O)(=O)c1ccc(Nc2nccc(n2)c3cnc4cccnn34)cc1,2.8,2.600008487701416,-0.1999915122985838,0.1999915122985838,1.8379999999999996,-0.9620000000000002
CCC(CC)NC(=O)c1cn(nc1NS(=O)(=O)c2ccc(C)cc2)c3ccccc3,2.51,0.9684333205223083,-1.5415666794776914,1.5415666794776914,3.8999200000000025,1.3899200000000027
COc1cc2c(Nc3ccc(F)cc3F)c(cnc2cc1N4CCN(C)CC4)C(=O)N,1.75,2.683354377746582,0.933354377746582,0.933354377746582,3.115900000000001,1.3659000000000008
Nc1nc(ns1)c2ccccc2,2.2,1.9000413417816162,-0.29995865821838397,0.29995865821838397,1.7872999999999999,-0.4127000000000003
CC(=O)Nc1nc(ns1)c2ccccc2,2.8,2.092418909072876,-0.7075810909271238,0.7075810909271238,2.1635,-0.6364999999999998
N#Cc1cnn2c(NC3CC3)cc(nc12)c4cccs4,2.88,3.155860185623169,0.27586018562316905,0.27586018562316905,2.903780000000001,0.023780000000001245
COC(=O)N1CCN(C(CC(=O)NCc2ccc3OCOc3c2)C1)c4ccnc(n4)n5ccnc5,1.88,2.154627799987793,0.2746277999877931,0.2746277999877931,1.3545,-0.5254999999999999
CCCCSc1nc(N)c2ncn([C@@H]3O[C@H](CO)[C@@H](O)[C@H]3O)c2n1,1.51,1.6470088958740234,0.13700889587402343,0.13700889587402343,-0.08780000000000027,-1.5978000000000003
COc1nc(N)nc2c1ncn2[C@@H]3O[C@H](CO)[C@@H](O)[C@H]3O,-0.58,-0.624331533908844,-0.044331533908844034,0.044331533908844034,-1.9713999999999994,-1.3913999999999995
CC(C)(C)OC(=O)NCCCSC[C@H]1O[C@H]([C@H](O)[C@@H]1O)n2cnc3c(N)ncnc23,1.2,1.5470468997955322,0.34704689979553227,0.34704689979553227,0.6757,-0.5243
CC(C)N(CCCNC(=O)Nc1ccc(cc1)C(C)(C)C)C[C@H]2O[C@H]([C@H](O)[C@@H]2O)n3ccc4c(N)ncnc34,2.4,2.2351760864257812,-0.16482391357421866,0.16482391357421866,2.8524000000000003,0.45240000000000036
CC(C)n1c(C)ncc1c2ccnc(Nc3ccc(cc3)S(=O)(=O)CCCN4CCOCC4)n2,2.43,2.386728286743164,-0.0432717132568361,0.0432717132568361,3.469020000000002,1.039020000000002
Clc1cc(Cl)cc(NC(=O)NCC2(CCN(CC3CC3)CC2)c4ccc(cc4)c5cccc(c5)C#N)c1,3.37,3.7042572498321533,0.3342572498321532,0.3342572498321532,7.0973800000000065,3.7273800000000064
CCN(C1CCCCC1)C(=O)c2cnn(c2NS(=O)(=O)c3ccc(cc3)c4ocnc4)c5ccccc5,1.46,1.7434344291687012,0.2834344291687012,0.2834344291687012,5.122900000000005,3.662900000000005
Fc1ccc(NC(=O)c2cccnc2Oc3ccccc3)cc1,3.19,3.48956298828125,0.29956298828125005,0.29956298828125005,4.2653000000000025,1.0753000000000026
CCOC(=O)c1ccc(OCC2CN(C2)c3ccc(C)nn3)cc1,3.1,3.4772071838378906,0.37720718383789054,0.37720718383789054,2.4769200000000007,-0.6230799999999994
COc1cc(ccc1Cn2cnc3ccc(NC(=O)CC4CCCC4)cc23)C(=O)NS(=O)(=O)c5ccccc5,0.9,1.3896150588989258,0.48961505889892576,0.48961505889892576,4.730700000000003,3.8307000000000033
NS(=O)(=O)c1cccc2c3nc(O)c(O)nc3cc(c12)[N+](=O)[O-],0.36,0.14219965040683746,-0.21780034959316252,0.21780034959316252,0.7497999999999996,0.3897999999999996
CC1SC2=C(C(=O)O)C(=O)c3cc(F)c(cc3N12)N4CCN(CC5=C(C)OC(=O)O5)CC4,0.47,-0.19510361552238464,-0.6651036155223846,0.6651036155223846,2.6398200000000003,2.1698200000000005
[O-][n+]1cc(ccc1Cl)C(=O)Nc2ccc(F)cc2,1.38,2.7384228706359863,1.3584228706359864,1.3584228706359864,2.3648000000000007,0.9848000000000008
CS(=O)(=O)c1ccc(c[n+]1[O-])C(=O)Nc2ccc(F)cc2,0.84,1.7169618606567383,0.8769618606567383,0.8769618606567383,1.1149,0.27490000000000003
COc1ccc2nc(C)cc(c2c1)n3cc(CN4CCN(CC4)C(=O)C)nn3,1.3,1.31062650680542,0.010626506805419877,0.010626506805419877,1.7966199999999994,0.4966199999999994
CC(C)[C@H](NC(=O)CCc1ccccc1)C(=O)N2CCCC2,2.49,2.4637351036071777,-0.02626489639282248,0.02626489639282248,2.3824000000000005,-0.1075999999999997
C[S+]([O-])c1ccc(cc1)c2nc(c3ccc(F)cc3)c([nH]2)c4ccncc4,3.34,3.0659019947052,-0.27409800529479966,0.27409800529479966,4.6822000000000035,1.3422000000000036
CSc1ccc(cc1)c2nc(c3ccc(F)cc3)c([nH]2)c4ccncc4,2.97,3.5844266414642334,0.6144266414642332,0.6144266414642332,5.666700000000004,2.696700000000004
FC(F)(F)c1cccc(C(=O)N[C@H]([C@@H]2CCCCN2)c3ccccc3)c1Cl,2.61,2.3997750282287598,-0.2102249717712401,0.2102249717712401,4.972000000000003,2.362000000000003
NC1(CCC1)c2ccc(cc2)C3=Nc4ccccc4C(=O)N3c5ccccc5,1.5,1.4746432304382324,-0.025356769561767578,0.025356769561767578,4.390600000000004,2.8906000000000036
O=C(NC1(CC1)C#N)[C@@H]2CCCC[C@H]2C(=O)N3CCN(CC3)c4nc5cnccc5s4,1.66,2.1358530521392822,0.4758530521392823,0.4758530521392823,2.3186799999999996,0.6586799999999997
Nc1nnc(s1)c2ccccc2,1.8,2.0331904888153076,0.23319048881530757,0.23319048881530757,1.7872999999999999,-0.012700000000000156
CCCCCc1ccc(cc1)c2nnc(N)s2,4.13,3.591691732406616,-0.5383082675933837,0.5383082675933837,3.5200000000000014,-0.6099999999999985
OC1(CCN(CC1)c2ccc3nnc(n3n2)C(F)(F)F)c4ccc(F)cc4,3.5,2.899519920349121,-0.6004800796508789,0.6004800796508789,2.770200000000001,-0.7297999999999991
O=C1C(=O)c2cc(ccc2c3ccccc13)c4ccsc4,3.1,3.2024052143096924,0.1024052143096923,0.1024052143096923,4.461100000000002,1.3611000000000018
CN(c1ccc2c(C)n(C)nc2c1)c3ccnc(Nc4ccc(C)c(c4)S(=O)(=O)N)n3,3.3,3.0564494132995605,-0.24355058670043928,0.24355058670043928,3.1390400000000005,-0.16095999999999933
COc1ccc(CCN2CNC(=NC2)SCc3ccc(Cl)cc3)cc1OC,2.41,3.1150481700897217,0.7050481700897215,0.7050481700897215,4.009300000000003,1.599300000000003
CN1C(=O)C=C(CCc2ccc3cc[nH]c3c2)N=C1N,2.1,1.914257287979126,-0.1857427120208741,0.1857427120208741,1.6289999999999998,-0.4710000000000003
CCN1C=C(C=C(C)C1=O)[C@@]2(N=C(N)c3c(F)cccc23)c4cccc(c4)c5cc(ccn5)C#CC,4.4,3.338691473007202,-1.0613085269927982,1.0613085269927982,4.759920000000004,0.35992000000000335
COc1ccc(N(C(C(=O)NC[C@@H](C)O)c2ccccc2F)C(=O)c3ccccc3)c(OC)c1,2.55,2.101369619369507,-0.448630380630493,0.448630380630493,3.7280000000000024,1.1780000000000026
CC(=O)Nc1ccc2ccn(c3cc(NC4CC4)n5ncc(C#N)c5n3)c2c1,3.29,2.88376784324646,-0.4062321567535401,0.4062321567535401,3.077580000000001,-0.21241999999999894
OCc1ccc2ccn(c3cc(NC4CC4)n5ncc(C#N)c5n3)c2c1,3.09,2.998962163925171,-0.09103783607482896,0.09103783607482896,2.6114800000000002,-0.4785199999999996
CC(=O)Nc1cc2c(ccn2c3cc(NC4CC4)n5ncc(C#N)c5n3)cc1C,2.66,3.068540573120117,0.40854057312011705,0.40854057312011705,3.386000000000002,0.7260000000000018
CN(C(=O)C)c1ccc2ccn(c3cc(NC4CC4)n5ncc(C#N)c5n3)c2c1,2.9,3.1130380630493164,0.2130380630493165,0.2130380630493165,3.1018800000000013,0.2018800000000014
CS(=O)(=O)Cc1ccc2ccn(c3cc(NC4CC4)n5ncc(C#N)c5n3)c2c1,2.49,2.9813287258148193,0.4913287258148191,0.4913287258148191,2.663780000000001,0.1737800000000007
CCC(N1NC(=O)c2nc3cc(Cl)ccc3c(O)c2C1=O)c4cccnc4,0.7,0.8612852692604065,0.16128526926040654,0.16128526926040654,2.9914000000000005,2.2914000000000003
CC(=O)N1CCN(CC(O)COc2ccc(Br)cc2)CC1,1.6,1.6890907287597656,0.08909072875976554,0.08909072875976554,1.3528999999999998,-0.24710000000000032
CO[C@@H]1CC[C@@]2(CC1)Cc3ccc(cc3C24N=C(C)C(=N4)N)c5cc(Cl)cc(c5)C#N,3.8,3.4590466022491455,-0.3409533977508543,0.3409533977508543,4.994680000000004,1.1946800000000044
CC(C)CN1C(=O)N(C)C(=O)c2c1nn(Cc3cccc4ccccc34)c2c5cncn5C,4.1,3.8203959465026855,-0.2796040534973141,0.2796040534973141,3.154700000000001,-0.9452999999999987
COc1ccnc(NC2CCN(CC2)C(=O)c3ccccc3)c1,2.06,2.374971866607666,0.31497186660766596,0.31497186660766596,2.8069000000000015,0.7469000000000015
COc1ccnc(NC2CCN(CC2)C(=O)c3ccc(Cl)cc3)c1,2.82,3.156041383743286,0.3360413837432863,0.3360413837432863,3.460300000000003,0.640300000000003
COc1ccnc(NC2CCN(CC2)C(=O)c3ccc(cc3)C#N)c1,1.73,1.724457025527954,-0.005542974472045881,0.005542974472045881,2.678580000000001,0.9485800000000011
CN1CCN(CCCOc2ccc(cc2)c3onc(c3)c4ccc(F)cc4)CC1,3.81,3.235729694366455,-0.574270305633545,0.574270305633545,4.164000000000003,0.3540000000000032
CS(=O)(=O)Cc1cc(nc(n1)c2cccc3cc[nH]c23)N4CCOCC4,2.8,2.0519659519195557,-0.7480340480804442,0.7480340480804442,2.0061,-0.7938999999999998
FC(F)(F)c1nnc2ccc(nn12)N3CCCCC3,3.0,2.883467674255371,-0.1165323257446289,0.1165323257446289,2.1334,-0.8666
CCN(C)C(=O)c1ccc(cc1)C(=C2CCN(Cc3cscn3)CC2)c4cccc5cccnc45,2.65,2.653109550476074,0.0031095504760743076,0.0031095504760743076,5.881100000000006,3.2311000000000063
CN(C)C(=O)c1ccc(cc1)C(=C2CCN(Cc3cscn3)CC2)c4cccc5cccnc45,2.3,2.2497196197509766,-0.05028038024902326,0.05028038024902326,5.491000000000006,3.191000000000006
COc1cc2c(Nc3ccc(Br)cc3F)ncnc2cc1OC[C@@H]4CCCN(C)C4,3.05,3.0090999603271484,-0.040900039672851385,0.040900039672851385,5.004200000000005,1.9542000000000055
COc1cc2c(Nc3ccc(Cl)cc3F)ncnc2cc1OC[C@@H]4CCCN(C)C4,2.9,3.046450614929199,0.1464506149291993,0.1464506149291993,4.895100000000005,1.9951000000000048
NC1(CCC1)c2ccc(cc2)c3nc4ccccc4cc3c5ccccc5,3.6,2.528937578201294,-1.0710624217987061,1.0710624217987061,5.906700000000004,2.306700000000004
CN(c1ccnc(Nc2cc(CN3CCOCC3)cc(c2)N4CCOCC4)n1)c5cc(CO)ccc5C,3.0,2.8549771308898926,-0.14502286911010742,0.14502286911010742,3.457620000000002,0.45762000000000214
COc1cc2ncnc(Oc3cnn(CC(=O)Nc4ccc(cn4)N(C)C)c3)c2cc1OC,2.36,2.931368112564087,0.571368112564087,0.571368112564087,2.735500000000001,0.37550000000000106
CCC[C@@H](CNC(=O)c1nc(Cl)c(N)nc1N)[N+](C)(C)CCCc2ccc(OC)cc2,0.4,0.9765223860740662,0.5765223860740661,0.5765223860740661,2.910700000000002,2.510700000000002
CCCc1c(O)c(ccc1OCc2cccc(NC(=O)Cc3ccccc3C(=O)O)c2)C(=O)C,2.95,2.095921754837036,-0.854078245162964,0.854078245162964,5.005700000000003,2.0557000000000025
CCNc1nc(Nc2ccccc2)nc(n1)C#N,3.11,3.104365825653076,-0.005634174346923704,0.005634174346923704,1.9186799999999997,-1.1913200000000002
Nc1ncnc(Nc2ccccc2)n1,1.4,1.8528118133544922,0.4528118133544923,0.4528118133544923,1.1974,-0.2025999999999999
CC(C)CC1(CC=C)C(=O)NC(=O)NC1=O,1.48,1.3914222717285156,-0.08857772827148436,0.08857772827148436,0.9609999999999999,-0.5190000000000001
CCCCC1(CC)C(=O)NC(=O)NC1=O,1.5,1.4997806549072266,-0.0002193450927734375,0.0002193450927734375,0.9389999999999998,-0.5610000000000002
Clc1ccc2ncc(c3cccc(NC4CNC4)n3)n2c1,1.19,2.0228679180145264,0.8328679180145264,0.8328679180145264,2.4334000000000007,1.2434000000000007
COc1cc(Nc2nccc(Oc3cnc4ccccc4c3)n2)cc(OC)c1OC,3.41,3.403212785720825,-0.006787214279174947,0.006787214279174947,4.586500000000004,1.1765000000000034
CS(=O)(=O)Nc1cccc(NC(=O)CN2CCN([C@H](Cc3ccccc3)C2)C(=O)C[C@H](N)Cc4ccc(F)c(F)c4)c1,2.06,1.826533555984497,-0.23346644401550298,0.23346644401550298,2.990400000000001,0.930400000000001
Cc1cc(NC(=O)Nc2ccc(Cl)cc2)n(n1)c3ccccc3,4.15,3.5896565914154053,-0.5603434085845951,0.5603434085845951,4.478120000000002,0.32812000000000197
O=C(Nc1ccccc1)c2oc3ccccc3c2,3.44,3.6353702545166016,0.19537025451660162,0.19537025451660162,3.685100000000002,0.2451000000000021
NC(=O)c1cncc(c1)c2ccc(cc2)[C@@H]3CC[C@@H](CC(=O)O)CC3,0.22,1.112536907196045,0.892536907196045,0.892536907196045,3.596000000000002,3.3760000000000017
CCCCCSc1nc(O)c2sc(N)nc2n1,2.86,2.6030707359313965,-0.2569292640686034,0.2569292640686034,2.656400000000001,-0.2035999999999989
OC(=O)COc1ccc(C(=O)c2cccs2)c(Cl)c1Cl,-0.84,-0.4875550866127014,0.35244491338729855,0.35244491338729855,3.7493000000000016,4.5893000000000015
CC1=C(C(=O)c2cc(O)c(O)c(Cc3ccccc3)c2C1=O)C4=C(C)C(=O)c5c(Cc6ccccc6)c(O)c(O)cc5C4=O,2.73,2.9155941009521484,0.18559410095214846,0.18559410095214846,5.781800000000008,3.0518000000000076
CCn1c2ccccc2c3cc(NC(=O)C(C)C)ccc13,4.2,3.8474037647247314,-0.35259623527526873,0.35259623527526873,4.408900000000004,0.20890000000000342
CCn1c2ccccc2c3cc(NC(=O)C)ccc13,3.5,3.425279140472412,-0.07472085952758789,0.07472085952758789,3.772800000000003,0.2728000000000028
OC(=O)CCn1c2ccccc2c3ccccc13,0.6,0.6307296752929688,0.030729675292968772,0.030729675292968772,3.2692000000000014,2.6692000000000013
CCn1c2ccccc2c3cc(NC(=O)CN(C)C)ccc13,3.2,3.135389804840088,-0.06461019515991229,0.06461019515991229,3.3145000000000024,0.11450000000000227
COc1cccc(NC(=O)c2cccc(Cc3c(C)nn(CCO)c3c4ccccc4)c2)c1,4.29,3.494576930999756,-0.7954230690002442,0.7954230690002442,4.702520000000003,0.41252000000000333
Cc1cc(on1)c2ccc(cc2F)N3C[C@H](Cn4ccnn4)OC3=O,1.99,1.8500299453735352,-0.13997005462646483,0.13997005462646483,2.40602,0.41601999999999983
Cc1ccnc2nc(nn12)C(=O)Nc3nccs3,0.31,1.0660910606384277,0.7560910606384277,0.7560910606384277,1.1415199999999996,0.8315199999999996
CC1=NC(=C(NC1=O)c2ccccc2)c3ccc(CN4CCC(CC4)N5C(=O)Nc6ccccc56)cc3,3.8,3.2542779445648193,-0.5457220554351805,0.5457220554351805,4.892420000000004,1.0924200000000042
Cc1ccc(Oc2ccc(OCC(=O)Nc3ccncc3)cc2)cc1,4.3,3.4689526557922363,-0.8310473442077635,0.8310473442077635,4.199820000000002,-0.10017999999999816
Brc1ccccc1NC(=O)Nc2ccc(C#N)c3[nH]nnc23,1.64,2.293609857559204,0.6536098575592042,0.6536098575592042,3.2360800000000003,1.5960800000000004
CC(C)CN1C(=O)N(C)C(=O)c2c1sc(Cc3ccnc4ccccc34)c2C(=O)N5C[C@H](O)CO5,2.14,1.906327247619629,-0.23367275238037122,0.23367275238037122,2.3049999999999997,0.1649999999999996
Nc1n[nH]c(N)c1Cc2ccc3OCOc3c2,0.47,1.1638948917388916,0.6938948917388916,0.6938948917388916,0.8936,0.4236
COC(=O)c1ccc(CN2NC(=O)C3=C(C2=O)C(=O)c4ccc(Cl)cc4N3)cc1,1.17,1.2442142963409424,0.07421429634094245,0.07421429634094245,2.0195999999999996,0.8495999999999997
CC(C)(C)NC(=O)Nc1cccc(CN2NC(=O)C3=C(C2=O)C(=O)c4ccc(Cl)cc4N3)c1,1.77,1.86138916015625,0.09138916015624998,0.09138916015624998,3.1530000000000005,1.3830000000000005
COC(=O)c1ccc(cc1)C(C)N2NC(=O)C3=C(C2=O)C(=O)c4ccc(Cl)cc4N3,1.3,1.4504730701446533,0.15047307014465328,0.15047307014465328,2.5806000000000004,1.2806000000000004
COCCNC(=O)c1cccc(CN2NC(=O)C3=C(C2=O)C(=O)c4ccc(Cl)cc4N3)c1,1.2,0.9144275784492493,-0.2855724215507507,0.2855724215507507,1.6091999999999997,0.4091999999999998
CN(C)C(=O)Nc1ccc(CN2NC(=O)C3=C(C2=O)C(=O)c4ccc(Cl)cc4N3)cc1,1.1,1.1629691123962402,0.06296911239624015,0.06296911239624015,2.3265000000000002,1.2265000000000001
COC(=O)c1cccc(CN2NC(=O)C3=C(C2=O)C(=O)c4ccc(Cl)cc4N3)c1,1.1,1.2252933979034424,0.1252933979034423,0.1252933979034423,2.0195999999999996,0.9195999999999995
CC(CN1CCCCC1)C(=O)c2ccc(C)cc2,1.65,1.6527810096740723,0.0027810096740723544,0.0027810096740723544,3.2997200000000024,1.6497200000000025
COc1cccc(c1)C(=O)N2CCC(CC2)N3C(=O)Nc4ccccc34,2.65,2.440401315689087,-0.209598684310913,0.209598684310913,2.815500000000001,0.1655000000000011
CC(C)C(NC(=O)CN1C(=O)C(=CN=C1c2cccnc2)NC(=O)OCc3ccccc3)C(=O)C(F)(F)F,2.15,2.249114513397217,0.09911451339721689,0.09911451339721689,3.326200000000001,1.176200000000001
COc1ccc(N(C(C(=O)NC[C@@H](C)O)c2ccccc2F)C(=O)c3occc3CO)c(OC)c1,1.37,1.7012031078338623,0.3312031078338622,0.3312031078338622,2.813300000000001,1.4433000000000007
COc1ccc(N(C(C(=O)NC[C@@H](C)O)c2ccccc2F)C(=O)c3occc3C)c(OC)c1,2.04,2.1506168842315674,0.11061688423156735,0.11061688423156735,3.6294200000000023,1.5894200000000023
COCc1ccoc1C(=O)N(C(C(=O)NC[C@@H](C)O)c2ccccc2F)c3ccc(OC)cc3OC,1.98,1.9895143508911133,0.009514350891113299,0.009514350891113299,3.4674000000000023,1.4874000000000023
COc1ccc(N(C(C(=O)NC[C@@H](C)O)c2ccccc2F)C(=O)c3occc3Cl)c(OC)c1,2.18,2.419738292694092,0.23973829269409164,0.23973829269409164,3.974400000000003,1.7944000000000027
C[C@H](O)C(=O)N1CCN(Cc2sc3c(nc(nc3c2C)c4cnc(N)nc4)N5CCOCC5)CC1,1.9,2.0971791744232178,0.19717917442321786,0.19717917442321786,0.90052,-0.9994799999999999
CC(C)[N+](C)(CCOC(=O)C1c2ccccc2Oc3ccccc13)C(C)C,0.2,-0.19899171590805054,-0.39899171590805055,0.39899171590805055,4.730800000000005,4.530800000000005
O=C1N(Cc2ccccc12)C3CCN(CCC(c4ccccc4)c5ccccc5)CC3,4.1,3.730097770690918,-0.3699022293090817,0.3699022293090817,5.329000000000006,1.2290000000000063
COc1ccc(C[C@@H](C)NC[C@H](O)c2ccc(O)c(NC=O)c2)cc1,0.42,0.7474427819252014,0.32744278192520143,0.32744278192520143,2.2233,1.8033000000000001
CC(Cc1ccc(O)cc1)NCC(O)c2cc(O)cc(O)c2,-0.06,0.2967294156551361,0.3567294156551361,0.3567294156551361,2.0576,2.1176
CC(C)(C(=O)c1cccnc1)c2cccnc2,1.45,0.9869634509086609,-0.46303654909133907,0.46303654909133907,2.637100000000001,1.1871000000000012
Cc1nc(Nc2ncc(s2)C(=O)Nc3c(C)cccc3Cl)cc(n1)N4CCN(CCO)CC4,3.41,3.0720584392547607,-0.3379415607452394,0.3379415607452394,3.3135400000000015,-0.09645999999999866
Cc1ccc(CCCOCCS(=O)(=O)CCCNCCc2ccc(O)c3nc(O)sc23)s1,2.41,2.430722236633301,0.02072223663330064,0.02072223663330064,3.663820000000003,1.2538200000000028
CN[C@@H](C)C(=O)N[C@@H](C1CCCCC1)C(=O)N[C@H]2C[C@@H]3CC[C@H]2N(CCc4ccccc4)C3,1.64,2.306706190109253,0.666706190109253,0.666706190109253,2.8712000000000018,1.2312000000000018
CCn1cnc(c2ccccc2)c1c3nc4c(N)ncnc4s3,2.97,3.033442974090576,0.06344297409057598,0.06344297409057598,3.2189000000000005,0.24890000000000034
Cn1cnc(c2ccccc2)c1c3nc4c(N)ncnc4s3,2.69,2.9557929039001465,0.26579290390014654,0.26579290390014654,2.7359999999999998,0.04599999999999982
CC(C)Cn1cnc(c2ccccc2)c1c3nc4c(N)ncnc4s3,3.72,3.440171718597412,-0.2798282814025881,0.2798282814025881,3.855000000000002,0.135000000000002
COc1cc(OC)c(cc1NC(=O)CCC(=O)O)S(=O)(=O)NCc2ccccc2N3CCCCC3,-0.72,-0.31524690985679626,0.4047530901432037,0.4047530901432037,2.975900000000001,3.695900000000001
COc1cc(OC)c(cc1NC(=O)C)S(=O)(=O)NCc2ccccc2N3CCC(CO)CC3,1.03,1.6053173542022705,0.5753173542022705,0.5753173542022705,2.3494,1.3194000000000001
Cc1ccc2NC(=O)OC3(CCN(CCc4nc(oc4C)c5ccccc5)CC3)c2c1,4.2,3.0478739738464355,-1.1521260261535646,1.1521260261535646,5.054340000000004,0.8543400000000041
COc1cc2ncnc(Nc3ccc(F)c(Cl)c3)c2cc1OCCCN4CCCC4,3.13,2.9049594402313232,-0.22504055976867665,0.22504055976867665,5.039200000000005,1.9092000000000047
CCCNC(=O)c1nnc2c(cccc2c1N)c3cncc(c3)C(=O)N4CCC4,2.79,2.52209734916687,-0.2679026508331299,0.2679026508331299,2.2597000000000005,-0.5302999999999995
CC(C(=O)Nc1ccc(Cl)cc1)c2ncc(cc2Cl)C(F)(F)F,4.19,3.769552707672119,-0.42044729232788125,0.42044729232788125,5.149400000000002,0.9594000000000014
O=C1N2CCS(=O)(=O)C2=Nc3ccccc13,0.8,0.5127081274986267,-0.28729187250137334,0.28729187250137334,0.18380000000000007,-0.6162
CCOC(=O)c1ncn2c1CN(C)C(=O)c3cc(F)ccc23,1.1,2.1275975704193115,1.0275975704193114,1.0275975704193114,1.7736999999999998,0.6736999999999997
C1CC1Nc2ccc3nnc(c4ccccc4)n3n2,3.15,3.0289177894592285,-0.1210822105407714,0.1210822105407714,2.3655999999999997,-0.7844000000000002
OC1=CC(=O)C2=C(O1)c3ccccc3N(Cc4ccccc4)C2=O,1.97,2.130401134490967,0.16040113449096682,0.16040113449096682,2.8618000000000006,0.8918000000000006
C[C@H](NC(=O)c1c(C)nn(C2CCC2)c1NS(=O)(=O)c3ccc(C)cc3)C(C)(C)C,1.57,1.2850894927978516,-0.2849105072021485,0.2849105072021485,4.190140000000003,2.620140000000003
CN(C)c1ccc2N=C3C=CC(=[N+](C)C)C=C3Sc2c1,-0.88,3.303675889968872,4.183675889968872,4.183675889968872,2.498900000000001,3.3789000000000007
Cc1cc(O)nc(n1)n2nc(C)c(Oc3ccccc3O)c2C,1.4,1.8005056381225586,0.4005056381225587,0.4005056381225587,2.7910600000000008,1.3910600000000009
OCC(=O)N1CCC[C@@H]1COc2cccc3ncnc(Nc4ccc(OCc5ccccn5)c(Cl)c4)c23,3.71,3.0610549449920654,-0.6489450550079345,0.6489450550079345,4.362900000000003,0.6529000000000034
CC(C)CN1C(=O)N(C)C(=O)c2c1nn(Cc3cccc4ccccc34)c2c5ccncc5,4.3,3.904728412628174,-0.395271587371826,0.395271587371826,3.816200000000002,-0.4837999999999978
Cc1ccc(cc1)S(=O)(=O)N2CCN(CC2)C(=O)c3occc3,2.17,2.628225803375244,0.4582258033752442,0.4582258033752442,1.73472,-0.4352799999999999
CC(=O)NC[C@H]1CN(C(=O)O1)c2ccc(c(F)c2)n3ccc(c3)C#N,1.6,1.161319613456726,-0.438680386543274,0.438680386543274,1.9493799999999997,0.3493799999999996
CC(C)C(NC(=O)CN1C(=O)c2nc(O)nc(O)c2C=C1c3ccccc3)C(=O)C(F)(F)F,1.88,0.5982277393341064,-1.2817722606658934,1.2817722606658934,2.1418999999999997,0.2618999999999998
CCN(CC)S(=O)(=O)c1ccc(cc1)c2oc(SCC(=O)N3CCc4ccccc34)nn2,3.9,3.2657041549682617,-0.6342958450317382,0.6342958450317382,3.448500000000002,-0.451499999999998
CCC(N(CCCN)C(=O)c1ccc(C)cc1)C2=Nc3ccsc3C(=O)N2Cc4cscn4,0.02,0.7003015279769897,0.6803015279769897,0.6803015279769897,4.213520000000003,4.193520000000003
CNc1cccc(CCCc2ccc(C[C@H](NC(=O)c3c(Cl)cccc3Cl)C(=O)O)cc2)n1,0.57,0.609691321849823,0.03969132184982305,0.03969132184982305,5.031100000000004,4.461100000000004
CC(=O)Nc1nc(N)n(n1)c2ccccc2,-0.2,0.2637636959552765,0.4637636959552765,0.4637636959552765,0.8078999999999994,1.0078999999999994
NCCCCN(Cc1nc2ccccc2[nH]1)C3CCCc4cccnc34,0.83,0.7486985921859741,-0.08130140781402584,0.08130140781402584,3.5764000000000022,2.746400000000002
Cc1ncc2CN=C(c3ccccc3F)c4cc(Cl)ccc4n12,3.4,2.6843674182891846,-0.7156325817108153,0.7156325817108153,4.324220000000003,0.9242200000000032
CC(C)C(=O)Nc1nc(cc2ccccc12)c3ccccn3,2.7,3.227417469024658,0.527417469024658,0.527417469024658,3.891300000000002,1.1913000000000018
CC(C)(C)OC(=O)c1ncn2c1[C@@H]3CCCN3C(=O)c4c(Br)cccc24,2.48,3.196038246154785,0.7160382461547852,0.7160382461547852,3.8808000000000034,1.4008000000000034
C[C@@H](C(=O)NCCN1CCCC1)c2ccc(OS(=O)(=O)C(F)(F)F)cc2,1.64,1.7148888111114502,0.07488881111145029,0.07488881111145029,2.2305,0.5905000000000002
CCC[C@@H](CN1CCCC1)N(C)C(=O)Cc2ccc(Cl)c(Cl)c2,2.27,2.975524425506592,0.7055244255065918,0.7055244255065918,4.2588000000000035,1.9888000000000035
CC(C)CN1C(=O)N(C)C(=O)c2c1sc(Cc3ccccc3C(F)(F)F)c2C(=O)N4CC(C)(O)C4,3.18,3.0216050148010254,-0.15839498519897477,0.15839498519897477,3.2341000000000024,0.05410000000000226
CC(C)CN1C(=O)N(C)C(=O)c2c1sc(Cc3ccccc3C(F)(F)F)c2C(=O)N4CCC4,3.46,3.6223278045654297,0.16232780456542972,0.16232780456542972,3.8732000000000033,0.41320000000000334
CC(C)CN1C(=O)NC(=O)c2c1sc(Cc3ccccc3C(F)(F)F)c2C(=O)N4CCC4,3.0,3.444612979888916,0.444612979888916,0.444612979888916,3.8628000000000027,0.8628000000000027
OCC(CO)N1C=Cc2c(NC(=O)CC34CC5CC(CC(C5)C3)C4)cccc2C1=O,2.62,3.095562219619751,0.47556221961975087,0.47556221961975087,3.0722000000000014,0.45220000000000127
CCN1CCC[C@@H](CN2CCN(CC2)C(=O)Nc3ccc(Cl)c(Cl)c3)C1,1.94,2.1838760375976562,0.2438760375976563,0.2438760375976563,3.874800000000003,1.9348000000000032
CC(C)N1CCC[C@@H](CN2CCN(CC2)C(=O)Nc3ccc(Cl)c(Cl)c3)C1,1.62,2.375808000564575,0.7558080005645751,0.7558080005645751,4.263300000000004,2.6433000000000035
CCC(=O)NCC[C@@H]1CCc2ccc3OCCc3c12,2.57,3.0636324882507324,0.4936324882507326,0.4936324882507326,2.5676000000000005,-0.0023999999999992916
COc1cc(\C=C/2\SC(=O)NC2=O)cc(OC)c1O,0.74,1.4566142559051514,0.7166142559051514,0.7166142559051514,1.7332999999999998,0.9932999999999998
CCCc1cc(cc(OC)c1OC)C2=N[C@H](CO2)C(=O)NO,1.69,1.7583036422729492,0.06830364227294927,0.06830364227294927,1.3071000000000002,-0.3828999999999998
ONC(=O)C1COC(=N1)c2ccc(F)c(c2)C(F)(F)F,1.53,1.201096773147583,-0.328903226852417,0.328903226852417,1.4952999999999999,-0.034700000000000175
NC1(CCN(CC1)c2ncnc3[nH]ccc23)C(=O)NC(C4CC4)c5ccc(Cl)cc5,3.4,3.544623851776123,0.14462385177612314,0.14462385177612314,3.1765000000000017,-0.22349999999999826
CC1=C(CCN2CCC(CC2)c3noc4cc(F)ccc34)C(=O)N5CCCCC5=N1,2.05,2.3859870433807373,0.3359870433807375,0.3359870433807375,3.5904200000000026,1.5404200000000028
COc1cc2c(Nc3cc(CC(=O)Nc4cccc(F)c4)[nH]n3)ncnc2cc1OCCCN5CCC(CO)CC5,2.11,2.252225875854492,0.1422258758544923,0.1422258758544923,3.8986000000000027,1.7886000000000029
CCc1[nH]c2nc(Sc3cnc4ccc[n+]([O-])c4c3)nc(N5CC[C@@H](N)C5)c2c1Cl,2.0,2.2249481678009033,0.22494816780090332,0.22494816780090332,3.0439000000000007,1.0439000000000007
COc1cc2c(Nc3ccc(Cl)cc3F)ncnc2cc1OCCn4cncn4,3.2,2.9855332374572754,-0.2144667625427248,0.2144667625427248,3.8450000000000033,0.6450000000000031
Brc1ccc(s1)S(=O)(=O)NCC(N2CCCCCC2)c3ccccc3,3.52,3.541107654571533,0.021107654571533185,0.021107654571533185,4.406200000000004,0.8862000000000037
CC(C)N1CCC[C@H](CN2C(=Nc3ccc(cc3C2=O)c4ccc(Cl)cc4)C)C1,3.3,2.724012851715088,-0.5759871482849119,0.5759871482849119,5.145720000000005,1.8457200000000054
CC(C)N1CCC[C@H](CN2C(=O)c3cc(ccc3N=C2C(C)C)c4ccc(F)cc4)C1,3.6,2.8052475452423096,-0.7947524547576905,0.7947524547576905,5.446400000000006,1.8464000000000058
CN1CCN(CC1)S(=O)(=O)c2ccc(cc2)c3cnc(N)c(n3)C(=O)Nc4cnccc4CN5CCCC5,3.28,2.1634297370910645,-1.1165702629089354,1.1165702629089354,1.904999999999999,-1.3750000000000009
Cc1cc(Oc2ccnc(Nc3cccc(c3)N4CCOCC4)c2)c(nc1C)c5ccccn5,3.27,3.32857608795166,0.05857608795166014,0.05857608795166014,5.5279400000000045,2.2579400000000045
CCCSc1nc(NC)ccc1C(=O)N[C@@H]2C3CC4CC2C[C@@](O)(C4)C3,3.27,2.7357630729675293,-0.5342369270324707,0.5342369270324707,3.294800000000002,0.024800000000002154
CC(=O)N1CCOc2nc(OCc3ccccc3)ccc12,2.4,2.8591136932373047,0.4591136932373048,0.4591136932373048,2.405900000000001,0.0059000000000009045
CC(C)c1ccc2Oc3nc(N)c(cc3C(=O)c2c1)C(=O)O,1.1,0.3706301152706146,-0.7293698847293855,0.7293698847293855,2.745,1.645
Oc1c2C(=O)N(NC(=O)c2nc3cc(Cl)ccc13)C(C4CC4)c5ccncc5,0.7,1.1749827861785889,0.4749827861785889,0.4749827861785889,2.9914000000000014,2.291400000000001
CC[C@H](C)C(=O)O[C@H]1C[C@@H](C)C=C2C=C[C@H](C)[C@H](CC[C@@H](O)C[C@@H](O)CC(=O)O)[C@@H]12,1.07,1.5276966094970703,0.45769660949707025,0.45769660949707025,3.715600000000002,2.6456000000000017
CC[C@H](C)C(=O)O[C@H]1C[C@H](O)C=C2C=C[C@H](C)[C@H](CC[C@@H](O)C[C@@H](O)CC(=O)O)[C@@H]12,-0.76,-0.1479896605014801,0.6120103394985199,0.6120103394985199,2.4404000000000003,3.2004
CCC(C)(C)C(=O)O[C@H]1C[C@@H](C)C=C2C=C[C@H](C)[C@H](CC[C@@H](O)C[C@@H](O)CC(=O)O)[C@@H]12,1.55,1.9576640129089355,0.4076640129089355,0.4076640129089355,4.105700000000003,2.5557000000000034
COc1cc(O)c2C(=O)O[C@@H](C)C\C=C/C(=O)[C@@H](O)[C@@H](O)C\C=C\c2c1,1.64,1.1468935012817383,-0.4931064987182616,0.4931064987182616,1.6001999999999998,-0.03980000000000006
CCN(CC)CCOC(=O)C1(CCCCC1)C2CCCCC2,3.72,2.894866943359375,-0.8251330566406252,0.8251330566406252,4.402200000000004,0.6822000000000039
OC[C@H](O)CN1C(=O)[C@@H](Cc2ccccc12)NC(=O)c3cc4cc(Cl)sc4[nH]3,3.27,3.36191463470459,0.09191463470458983,0.09191463470458983,1.9236999999999997,-1.3463000000000003
Cc1nc(C)c(nc1C(=O)N)c2ccc3c(CC[C@@]34CC[C@@H](CC4)c5nnn[nH]5)c2,1.4,1.9223964214324951,0.5223964214324952,0.5223964214324952,2.9142400000000013,1.5142400000000014
CC1=CC2=NNC(=O)N2c3cc(ccc13)c4ccc[nH]4,3.29,2.5600876808166504,-0.7299123191833496,0.7299123191833496,2.4793199999999995,-0.8106800000000005
NC1=CC2=NNC(=O)N2c3cc(ccc13)c4ccc[nH]4,2.3,1.9853737354278564,-0.3146262645721434,0.3146262645721434,1.7530999999999994,-0.5469000000000004
OCC1=CC2=NNC(=O)N2c3cc(ccc13)c4ccc[nH]4,2.19,2.1269102096557617,-0.06308979034423823,0.06308979034423823,1.6632,-0.5267999999999999
COc1cc(F)ccc1c2cncc(CNC(=O)c3cnccn3)c2,2.5,2.53060245513916,0.030602455139160156,0.030602455139160156,2.6163000000000007,0.11630000000000074
CC(C)(C)OC(=O)N1CCN(CC1)c2ncc(OCc3ccncc3)cn2,3.4,3.5563650131225586,0.15636501312255868,0.15636501312255868,2.5077000000000007,-0.8922999999999992
Cc1cc(COc2cnc(nc2)N3CCN(CC3)C(=O)OC(C)(C)C)ccn1,3.7,3.6935737133026123,-0.006426286697387873,0.006426286697387873,2.8161200000000006,-0.8838799999999996
C[C@@H]1CN(CCN1c2ncc(OCc3ccncc3C#N)cn2)C(=O)OCC(F)F,2.3,2.914665937423706,0.6146659374237062,0.6146659374237062,2.2344799999999996,-0.06552000000000024
C[C@@H]1CN(CCN1c2ncc(OCc3ccncc3C#N)cn2)C(=O)OC(C)(C)C,3.33,3.3973371982574463,0.06733719825744622,0.06733719825744622,2.767880000000001,-0.5621199999999993
C[C@@H]1CN(CCN1c2ncc(OCc3ccncc3C#N)cn2)C(=O)OCC(F)(F)F,3.0,3.2792205810546875,0.2792205810546875,0.2792205810546875,2.5316800000000006,-0.4683199999999994
COc1cnccc1COc2cnc(nc2)N3CCN(CC3)C(=O)OC(C)(C)C,3.8,3.46279239654541,-0.33720760345458967,0.33720760345458967,2.5163,-1.2836999999999996
CC(C)(C)OC(=O)N1CCN(CC1)c2ncc(OCc3ccncc3F)cn2,3.6,3.5875535011291504,-0.012446498870849698,0.012446498870849698,2.6468000000000007,-0.9531999999999994
CC(C)(C)OC(=O)N1CCN(CC1)c2ncc(OCc3ccncc3C#N)cn2,2.81,3.207000732421875,0.39700073242187495,0.39700073242187495,2.3793800000000003,-0.4306199999999998
Cc1cnccc1COc2cnc(nc2)N3CCN(CC3)C(=O)OC(C)(C)C,3.8,3.733947515487671,-0.06605248451232892,0.06605248451232892,2.8161200000000006,-0.9838799999999992
CC(C)(C)OC(=O)N1CCN(CC1)c2ncc(OCc3c(F)cncc3F)cn2,3.7,3.5705859661102295,-0.12941403388977069,0.12941403388977069,2.7859000000000016,-0.9140999999999986
C[C@@H]1CN(CCN1c2ncc(OCc3ccncc3C#N)cn2)C(=O)OC(C)(C)C#N,2.3,2.7826366424560547,0.48263664245605487,0.48263664245605487,2.27156,-0.0284399999999998
CC(C)(C)OC(=O)N1CCN(CC1)c2ncc(OCc3ccncc3S(=O)(=O)C)cn2,2.4,2.876328945159912,0.4763289451599122,0.4763289451599122,1.9112,-0.4887999999999999
COc1ncc(cn1)c2cccc3OC[C@H](Cc23)NC(=O)c4ccc(OCC(F)(F)F)nc4,4.3,3.479980945587158,-0.8200190544128416,0.8200190544128416,3.221800000000001,-1.078199999999999
CCCC(=O)Nc1ccc(Cl)c(c1)c2oc3cccnc3n2,3.37,3.53548526763916,0.16548526763916005,0.16548526763916005,4.281800000000003,0.911800000000003
Nc1ccc(Cl)c(c1)c2oc3cccnc3n2,1.97,3.0065577030181885,1.0365577030181885,1.0365577030181885,3.125400000000001,1.1554000000000009
NC(=O)c1sc(cc1N)c2ccsc2,2.23,2.7270307540893555,0.4970307540893555,0.4970307540893555,2.1577,-0.07229999999999981
NC(=O)Nc1cc(sc1C(=O)N)c2ccsc2,2.3,2.3600902557373047,0.060090255737304865,0.060090255737304865,2.0661000000000005,-0.23389999999999933
CC(=O)c1ccc(nc1)N2CCN(CC2)S(=O)(=O)C[C@]34CC[C@H](CC3=O)C4(C)C,2.21,2.9514055252075195,0.7414055252075196,0.7414055252075196,2.1314,-0.07859999999999978
CC1(C)[C@@H]2CC[C@@]1(CS(=O)(=O)N3CCN(CC3)c4ccc(cn4)C#N)C(=O)C2,2.46,2.6751580238342285,0.21515802383422855,0.21515802383422855,1.8004799999999999,-0.6595200000000001
CC1(C)[C@@H]2CC[C@@]1(CS(=O)(=O)N3CCN(CC3)c4ccc(cn4)C(F)(F)F)C(=O)C2,3.8,3.549199342727661,-0.2508006572723387,0.2508006572723387,2.9476000000000013,-0.8523999999999985
CC(C)CN1C(=O)N(C)C(=O)c2c(SC3CCCCC3)c(Cc4ccccc4C(F)(F)F)sc12,4.14,3.896106004714966,-0.24389399528503386,0.24389399528503386,6.452100000000006,2.3121000000000063
CC(=O)Nc1ccc2ccn(c3cc(NCCCCO)n4ncc(C#N)c4n3)c2c1,2.58,2.253892421722412,-0.32610757827758796,0.32610757827758796,2.6876800000000003,0.10768000000000022
CN(C)CCCNc1cc(nc2c(cnn12)C#N)n3ccc4ccc(NC(=O)C)cc34,1.62,1.8552265167236328,0.2352265167236327,0.2352265167236327,2.86688,1.24688
COc1ccc(CCN(C)CCCC(C#N)(C(C)C)c2ccc(OC)c(OC)c2)cc1OC,2.61,2.494476079940796,-0.11552392005920398,0.11552392005920398,5.093080000000005,2.483080000000005
CC(C)C(CCCN(C)CCc1ccccc1)(C#N)c2ccccc2,3.6,3.107558488845825,-0.4924415111541749,0.4924415111541749,5.058680000000005,1.458680000000005
O.O.O.CC(=O)O[C@@]12CO[C@@H]1C[C@H](O)[C@]3(C)[C@@H]2[C@H](OC(=O)c4ccccc4)[C@]5(O)C[C@H](OC(=O)[C@H](O)[C@@H](NC(=O)OC(C)(C)C)c6ccccc6)C(=C([C@@H](O)C3=O)C5(C)C)C,3.4,2.8987514972686768,-0.5012485027313232,0.5012485027313232,0.785500000000003,-2.614499999999997
N[C@@H]1CCCN(C1)c2c(Cl)cccc2\C=C\3/SC(=O)NC3=O,1.97,1.5839300155639648,-0.38606998443603513,0.38606998443603513,2.591400000000001,0.6214000000000011
CCOc1cccc(\C=C\2/SC(=O)NC2=O)c1N3CCC[C@@H](N)C3,1.86,1.7173190116882324,-0.14268098831176768,0.14268098831176768,2.3367000000000004,0.47670000000000035
COc1cccc(\C=C\2/SC(=O)NC2=O)c1N3CCC[C@@H](N)C3,1.27,1.2067737579345703,-0.0632262420654297,0.0632262420654297,1.9465999999999999,0.6765999999999999
C[C@@H]1C2CCCC1(CCN2C)c3cccc(O)c3,0.52,1.5873780250549316,1.0673780250549316,1.0673780250549316,3.1541000000000015,2.6341000000000014
CCN[C@H]1C[C@H](C)S(=O)(=O)c2sc(cc12)S(=O)(=O)N,0.27,0.31026118993759155,0.040261189937591535,0.040261189937591535,0.612,0.34199999999999997
CCOC(=O)C1=C(C)NC(=C([C@H]1c2cccc3C(=O)C=C(C)Oc23)C(=O)C)C,2.63,2.9445347785949707,0.3145347785949708,0.3145347785949708,3.4883200000000025,0.8583200000000026
CC(C)C(NC(=O)CN1C(=O)C(=CC=C1c2ccccc2)NC(=O)NCc3ccccn3)C(=O)C(F)(F)F,2.15,2.4030466079711914,0.2530466079711915,0.2530466079711915,3.504200000000001,1.354200000000001
CC1(CC(=O)NC(=N1)N)c2ccc(Cl)c(Cl)c2,1.59,1.5840227603912354,-0.005977239608764728,0.005977239608764728,2.0431999999999997,0.4531999999999996
CC1(CC(=O)NC(=N1)N)c2ccccc2,0.62,0.0550837442278862,-0.5649162557721138,0.5649162557721138,0.7363999999999997,0.11639999999999973
NC1=NC(CC(=O)N1)c2ccc(Cl)c(Cl)c2,1.46,1.7658181190490723,0.3058181190490723,0.3058181190490723,1.8690999999999998,0.4090999999999998
C[C@H]1CN(Cc2cc(Cl)ccc2OCC(=O)O)CCN1C(=O)Cc3ccccc3,0.18,0.6888447999954224,0.5088447999954224,0.5088447999954224,3.078800000000002,2.898800000000002
C[C@H]1CN(Cc2cc(Cl)ccc2CCC(=O)O)CCN1C(=O)Cc3ccccc3,1.52,1.4895703792572021,-0.03042962074279787,0.03042962074279787,3.6326000000000027,2.1126000000000027
C[C@H](Oc1ccc(Cl)cc1CN2CCN([C@@H](C)C2)C(=O)Cc3ccc(Cl)cc3)C(=O)O,1.66,1.488637924194336,-0.17136207580566398,0.17136207580566398,4.120700000000002,2.460700000000002
C[C@H]1CN(Cc2cc(Cl)ccc2OCC(=O)O)CCN1C(=O)Cc3ccc(Cl)cc3,1.21,1.1247990131378174,-0.08520098686218258,0.08520098686218258,3.7322000000000024,2.5222000000000024
C[C@H]1CN(Cc2cc(Cl)ccc2OCC(=O)O)CCN1C(=O)Cc3ccccc3Cl,1.1,1.144067645072937,0.04406764507293692,0.04406764507293692,3.7322000000000024,2.6322000000000023
C[C@@H]1CN(Cc2cc(Cl)ccc2OCC(=O)O)C[C@H](C)N1C(=O)Cc3ccccc3,0.7,1.0786480903625488,0.3786480903625489,0.3786480903625489,3.4673000000000025,2.7673000000000023
C[C@H]1CN(Cc2cc(Cl)ccc2CC(=O)O)CCN1C(=O)Cc3ccc(Cl)cc3,1.66,1.9035253524780273,0.24352535247802742,0.24352535247802742,3.895900000000003,2.2359000000000027
C[C@H]1CN(Cc2cc(Cl)ccc2OCC(=O)O)CCN1C(=O)Cc3cccc(Cl)c3,0.78,1.167900562286377,0.3879005622863769,0.3879005622863769,3.7322000000000024,2.952200000000002
CC(=O)c1ncccc1NC(=O)[C@@H]2CC[C@H](CC2)N3C(=O)[C@@H]4[C@@H]5CC[C@@H](C5)[C@@H]4C3=O,3.01,2.723419189453125,-0.2865808105468748,0.2865808105468748,2.8126000000000015,-0.19739999999999824
NC(=O)c1cccc(N[C@H]2C[C@H]3CC[C@@H](C2)N3Cc4ccccc4)c1,1.01,1.2183082103729248,0.2083082103729248,0.2083082103729248,3.3930000000000025,2.3830000000000027
Cc1[nH]c(C(=O)NC2CCN(CC2)c3cc(cc(Cl)n3)C(=O)O)c(Cl)c1Cl,1.74,0.9667758941650391,-0.7732241058349609,0.7732241058349609,3.7753200000000025,2.0353200000000022
Cc1ccc([nH]1)C(=O)NC2CCN(CC2)c3cc(cc(Cl)n3)C(=O)N,2.64,2.49338436126709,-0.14661563873291028,0.14661563873291028,1.8692199999999997,-0.7707800000000005
NC(=O)Nc1cc(sc1C(=O)N[C@H]2CCCNC2)c3cccc(F)c3F,1.32,1.3751332759857178,0.05513327598571771,0.05513327598571771,2.665700000000001,1.345700000000001
NC(=O)Nc1cc(sc1C(=O)N[C@H]2CCCNC2)c3ccccc3,1.04,1.113624095916748,0.07362409591674801,0.07362409591674801,2.3875,1.3475000000000001
NC(=O)Nc1cc(sc1C(=O)N[C@H]2CCCNC2)c3ccc(cc3)C#N,0.61,0.9335969090461731,0.3235969090461731,0.3235969090461731,2.2591799999999997,1.6491799999999999
CCCSc1ncccc1C(=O)NC2CCCCC2,3.24,3.099543571472168,-0.14045642852783224,0.14045642852783224,3.646200000000002,0.4062000000000019
CCCSc1ncccc1C(=O)NC2CCC(F)(F)CC2,2.85,2.951542854309082,0.10154285430908194,0.10154285430908194,3.8914000000000026,1.0414000000000025
CCCSc1ncccc1C(=O)N(C)C2CCCCC2,3.36,3.0602149963378906,-0.29978500366210925,0.29978500366210925,3.988400000000003,0.6284000000000032
CN1CCc2cc(Cl)c(O)cc2[C@H](C1)c3ccccc3,2.5,2.8623013496398926,0.3623013496398926,0.3623013496398926,3.6654000000000027,1.1654000000000027
CC(C)C(=O)Nc1ccc2C(=O)NC(=O)c2c1,1.55,1.6471896171569824,0.09718961715698238,0.09718961715698238,1.1646999999999998,-0.3853000000000002
Clc1ccc(CN2C[C@@H]3C[C@H]2CN3)cc1C(=O)NCC45CC6CC(CC(C6)C4)C5,1.45,2.213083028793335,0.763083028793335,0.763083028793335,3.8323000000000027,2.3823000000000025
CN1C(=O)N(Cc2ccc(Br)cc2)c3ccccc13,2.81,3.4433364868164062,0.6333364868164062,0.6333364868164062,3.150800000000001,0.3408000000000011
OC(=O)CCCCn1nnc(n1)c2ccc(cc2)C(=O)N3CCC(CC3)N4CCC(CC4)Oc5ccc(Cl)c(Cl)c5,1.6,1.2406342029571533,-0.35936579704284677,0.35936579704284677,5.049800000000006,3.4498000000000055
Clc1ccc(OC2CCN(CC2)C3CCN(CC3)C(=O)c4ccc(cc4)c5nn[nH]n5)cc1Cl,1.53,1.8391180038452148,0.3091180038452148,0.3091180038452148,4.321500000000003,2.7915000000000028
C[C@@H]1CN(Cc2ccc(F)cc2)[C@@H](C)CN1C(=O)c3cc4c(cn(C)c4cc3Cl)C(=O)C(=O)N(C)C,3.6,2.8623523712158203,-0.7376476287841798,0.7376476287841798,3.9767000000000037,0.3767000000000036
COc1cc(OC)c(cc1NC(=O)CCC(=O)O)S(=O)(=O)N(c2ccc(C)cc2)c3ccc(C)cc3,0.06,-0.4172699451446533,-0.4772699451446533,0.4772699451446533,4.650940000000004,4.590940000000004
COc1cc(OC)c(cc1NC(=O)CCC(=O)O)S(=O)(=O)N(c2ccccc2)c3ccccc3,-0.8,-0.7311832308769226,0.06881676912307744,0.06881676912307744,4.034100000000003,4.834100000000003
Nc1ccccc1NC(=O)c2ccc(cc2)N3CCOCC3,1.2,2.203874111175537,1.0038741111755372,1.0038741111755372,2.3577000000000004,1.1577000000000004
CCCN(C)c1nc(ccc1C(=O)NC2CCCCC2)N3CCC[C@@H](CC(=O)O)C3,2.28,2.0358803272247314,-0.24411967277526836,0.24411967277526836,3.6814000000000027,1.4014000000000029
CCCSc1nc(ccc1C(=O)NC2CCCCC2)N3CCCC(C3)C(=O)O,1.72,1.8917222023010254,0.17172220230102542,0.17172220230102542,3.947200000000003,2.2272000000000034
CCCSc1nc(ccc1C(=O)NC2CCCCC2)N3CCC[C@H](CC(=O)O)C3,2.18,2.168536901473999,-0.011463098526001136,0.011463098526001136,4.3373000000000035,2.1573000000000033
CCCSc1nc(ccc1C(=O)NC2CCCCC2)N3CCCCC3C(=O)O,1.36,1.8183631896972656,0.4583631896972655,0.4583631896972655,4.089700000000003,2.729700000000003
CCCSc1nc(ccc1C(=O)NC2CCCCC2)N3CCC(CC3)C(=O)O,1.6,1.882507562637329,0.282507562637329,0.282507562637329,3.947200000000003,2.347200000000003
CCCNc1nc(ccc1C(=O)NC2CCCCC2)N3CCC[C@@H](CC(=O)O)C3,2.33,1.9084160327911377,-0.4215839672088624,0.4215839672088624,3.6571000000000025,1.3271000000000024
CCCOc1nc(ccc1C(=O)NC2CCCCC2)N3CCC[C@@H](CC(=O)O)C3,2.81,1.9663059711456299,-0.8436940288543702,0.8436940288543702,3.6240000000000023,0.8140000000000023
CC(C)OC(=O)N1CC2COCC(C1)C2Oc3ncnc(Oc4cccnc4C)c3C,3.1,3.1424849033355713,0.0424849033355712,0.0424849033355712,3.151340000000002,0.05134000000000194
CC(=O)NC[C@H]1CN(C(=O)O1)c2ccc(c(F)c2)n3cnc(c3)C#N,1.51,0.995230495929718,-0.514769504070282,0.514769504070282,1.3443799999999997,-0.16562000000000032
CC(=O)NC[C@H]1CN(C(=O)O1)c2ccc(c(F)c2)n3ccnc3,0.7,0.5422277450561523,-0.1577722549438476,0.1577722549438476,1.4726999999999997,0.7726999999999997
Nc1cc(c(cn1)c2cc(nc(n2)N3CCOCC3)N4CCOCC4)C(F)(F)F,2.7,2.711858034133911,0.011858034133910955,0.011858034133910955,1.8127999999999997,-0.8872000000000004
CCOc1noc2cc(OCCC3CCN(CC3)c4ccc(C)nn4)ccc12,4.23,3.643911838531494,-0.5860881614685063,0.5860881614685063,4.010420000000003,-0.219579999999997
COCc1c(nc(C(C)C)c(\C=C\[C@@H](O)C[C@@H](O)CC(=O)O)c1c2ccc(F)cc2)C(C)C,1.72,1.773608922958374,0.05360892295837405,0.05360892295837405,4.8807000000000045,3.1607000000000047
COc1ccc(N(C(C(=O)NC2CCCC2)c3ccccc3F)C(=O)C)c(OC)c1,2.81,3.0932626724243164,0.28326267242431635,0.28326267242431635,3.9959000000000033,1.1859000000000033
NC(=O)c1c(N)sc2CCCCc12,1.84,2.276223659515381,0.4362236595153808,0.4362236595153808,1.3080000000000003,-0.5319999999999998
C[C@]12N[C@H](Cc3ccccc13)c4ccccc24,1.6,1.9116230010986328,0.3116230010986327,0.3116230010986327,3.150500000000002,1.5505000000000018
CCOC(=O)\C=C\[C@H](C[C@@H]1CCNC1=O)NC(=O)[C@H](CC#C)N2C=CC=C(NC(=O)c3cc(C)on3)C2=O,1.75,1.6824731826782227,-0.06752681732177734,0.06752681732177734,1.0917200000000014,-0.6582799999999986
CCCS(=O)(=O)N1CCCC(C1)C(=O)N2CCC(Cc3ccccc3)CC2,3.44,3.3909149169921875,-0.04908508300781245,0.04908508300781245,2.919500000000001,-0.5204999999999989
C(Nc1nc2ccccc2[nH]1)c3ccccc3,2.76,3.4833757877349854,0.7233757877349856,0.7233757877349856,3.1750000000000007,0.4150000000000009
COc1cc(CNc2nc3ccccc3[nH]2)cc(OC)c1OC,2.36,3.211394786834717,0.8513947868347169,0.8513947868347169,3.200800000000001,0.8408000000000011
FC(F)(F)c1ccc(cc1)S(=O)(=O)N2CCN(CC2)C(=O)N3CCN(CC3)c4ccncc4Cl,3.54,3.047351598739624,-0.492648401260376,0.492648401260376,3.0023000000000017,-0.5376999999999983
N[C@@H](CC(=O)N1CCn2c(C1)nnc2C(F)(F)F)Cc3cc(F)c(F)cc3F,0.31,1.9540989398956299,1.6440989398956298,1.6440989398956298,2.0164999999999997,1.7064999999999997
CN1C(=O)N(Cc2ccc(cc2)C(=O)O)C(=O)c3cc(ccc13)C#CCc4ccccc4,2.5,0.793365478515625,-1.706634521484375,1.706634521484375,3.0409000000000006,0.5409000000000006
CC(C)C[C@H](N)c1oc(nn1)S(=O)(=O)Cc2ccc(F)cc2,1.11,1.6838958263397217,0.5738958263397216,0.5738958263397216,2.2285000000000004,1.1185000000000003
CN[C@@H](C)C(=O)N[C@@H](C1CCCCC1)C(=O)N[C@H]2CCN(C2)C(=O)c3ccccc3,0.82,1.0658292770385742,0.24582927703857427,0.24582927703857427,1.6903000000000008,0.8703000000000009
OC(=O)c1ccc(OCC(=O)COc2ccc(SCCCCCc3ccccc3)cc2)cc1,3.63,3.02986478805542,-0.60013521194458,0.60013521194458,5.916800000000006,2.2868000000000057
NS(=O)(=O)c1cc(ccc1Cl)C2(O)NC(=O)c3ccccc23,0.97,1.5478715896606445,0.5778715896606446,0.5778715896606446,0.9242000000000007,-0.045799999999999286
O[C@@H](CNCCc1ccc(CNCCc2ccccn2)cc1)c3ccc(O)c4NC(=O)Sc34,-0.25,0.2743321359157562,0.5243321359157562,0.5243321359157562,2.8882000000000008,3.1382000000000008
Clc1ccccc1NC(=O)c2cc[nH]n2,2.58,2.6587588787078857,0.07875887870788567,0.07875887870788567,2.315399999999999,-0.26460000000000106
CN[C@@H](C)C(=O)N[C@H](C(=O)N[C@H]1CCCN(C1)S(=O)(=O)Cc2ccccc2)C(C)(C)C,0.78,1.251837968826294,0.4718379688262939,0.4718379688262939,1.2358000000000027,0.45580000000000265
CC1CCN(CC1)C(=O)c2scc3OCCOc23,2.26,2.6017937660217285,0.34179376602172873,0.34179376602172873,2.391400000000001,0.13140000000000107
CN(C)CCNc1cc(nc2cc(nn12)c3ccc(F)cc3)c4ccccc4,4.5,3.2278499603271484,-1.2721500396728516,1.2721500396728516,4.175900000000003,-0.32409999999999695
OC1=NC(=O)CN1N=Cc2oc(cc2)c3ccc(cc3)[N+](=O)[O-],1.35,1.3199491500854492,-0.03005084991455087,0.03005084991455087,1.9449,0.5949
COc1ccc(CNC(=O)CSc2nc3cccnc3s2)cc1,2.5,2.8019726276397705,0.3019726276397705,0.3019726276397705,3.1084000000000005,0.6084000000000005
Clc1ccc(cc1)C(=O)\C=C\Sc2nc[nH]n2,3.1,2.2835941314697266,-0.8164058685302735,0.8164058685302735,2.9468000000000005,-0.15319999999999956
O=C1CCOc2nc(\C=C\c3ccccc3)ccc12,3.2,3.196838855743408,-0.0031611442565919745,0.0031611442565919745,3.217200000000002,0.01720000000000166
CN(CCOc1ccc(CC2SC(=O)NC2=O)cc1)c3ccccn3,2.5,2.153806686401367,-0.3461933135986328,0.3461933135986328,2.490900000000001,-0.00909999999999922
OC(=O)Cc1csc(n1)c2ccc(Cl)cc2,-0.22,0.20803964138031006,0.42803964138031003,0.42803964138031003,3.090600000000001,3.3106000000000013
CC(C)COc1ccc(cc1C#N)c2nc(C)c(s2)C(=O)O,0.94,1.1197007894515991,0.17970078945159917,0.17970078945159917,3.723200000000002,2.783200000000002
CCNC(=O)C[C@@H]1N=C(c2ccc(Cl)cc2)c3cc(OC)ccc3n4c(C)nnc14,2.46,2.784868001937866,0.32486800193786625,0.32486800193786625,3.6560200000000025,1.1960200000000025
CCNC(=O)C[C@H]1N=C(c2ccc(Cl)cc2)c3cc(OC)ccc3n4c(C)nnc14,2.42,2.6349551677703857,0.2149551677703858,0.2149551677703858,3.6560200000000025,1.2360200000000026
Cc1nnc2CN=C(c3ccccc3Cl)c4cc(Cl)ccc4n12,2.34,2.613884449005127,0.2738844490051271,0.2738844490051271,4.233520000000003,1.8935200000000032
Cc1nnc2CN=C(c3ccccc3)c4cc(Cl)ccc4n12,1.98,2.378054618835449,0.39805461883544924,0.39805461883544924,3.5801200000000026,1.6001200000000027
COc1cc(ccc1OCCN2CCCC2)N3C=Nc4cc(sc4C3=O)c5ccc(Cl)cc5,2.74,2.9577627182006836,0.21776271820068338,0.21776271820068338,5.250800000000005,2.510800000000005
OC[C@H]1CCCN1CCCOc2ccc3c(Nc4cc(CC(=O)Nc5cccc(F)c5F)[nH]n4)ncnc3c2,2.06,2.0972840785980225,0.03728407859802241,0.03728407859802241,3.781500000000001,1.7215000000000011
COc1cc2c(Nc3cc(CC(=O)Nc4cccc(F)c4F)[nH]n3)ncnc2cc1OCCCN5CCC[C@@H]5CO,1.96,2.1344287395477295,0.17442873954772953,0.17442873954772953,3.790100000000002,1.830100000000002
OC(=O)C(N1CCO[C@@H](CN2CCC(CC2)Oc3ccc(Cl)c(Cl)c3)C1)c4ccccc4,1.71,2.091055154800415,0.3810551548004151,0.3810551548004151,4.363300000000004,2.653300000000004
CCCCn1c(Cc2cc(OC)c(OC)c(OC)c2)nc3c(N)ncnc13,2.39,2.9323480129241943,0.5423480129241942,0.5423480129241942,2.8252000000000006,0.4352000000000005
CNC(=O)c1ccc(Oc2ccc3CCN(CCc3c2)C4CCC4)nc1,1.45,1.9464800357818604,0.4964800357818604,0.4964800357818604,3.186600000000002,1.7366000000000021
OC(=O)C1Cc2c([nH]c3ccccc23)C(N1)c4ccccc4,0.78,0.903029203414917,0.12302920341491697,0.12302920341491697,2.856200000000001,2.076200000000001
COC1=CC(=N/C/1=C\c2[nH]c(C)cc2C)c3cc4ccccc4[nH]3,2.55,3.647657632827759,1.097657632827759,1.097657632827759,4.486940000000003,1.9369400000000034
O=C(Nc1cccc2cccnc12)c3ccc(cc3)N4C(=O)[C@@H]5[C@H]6C[C@H](C=C6)[C@@H]5C4=O,3.28,3.0671768188476562,-0.21282318115234355,0.21282318115234355,3.798600000000002,0.5186000000000024
COc1ccc(cc1OC)c2cc(NC(=O)Cc3ccc4ccccc4c3)[nH]n2,3.1,3.3853137493133545,0.2853137493133544,0.2853137493133544,4.428300000000003,1.3283000000000027
C[C@@H]1CN(C[C@H](C)N1)c2c(F)c(N)c3C(=O)C(=CN(C4CC4)c3c2F)C(=O)O,-0.15,-0.46521395444869995,-0.31521395444869993,0.31521395444869993,2.0816,2.2316
COc1c(N2CCNC(C)C2)c(F)cc3C(=O)C(=CN(C4CC4)c13)C(=O)O,-0.82,-0.6950751543045044,0.12492484569549556,0.12492484569549556,1.9804,2.8004
OC(=O)C1=CN(C2CC2)c3cc(N4CCN(CC4)C(=O)CC[N+](=O)[O-])c(F)cc3C1=O,0.22,-0.5990181565284729,-0.8190181565284729,0.8190181565284729,1.4891,1.2691000000000001
OC(=O)C1=CN(C2CC2)c3cc(N4CCNCC4)c(F)cc3C1=O,-0.96,-0.6662740111351013,0.29372598886489865,0.29372598886489865,1.5833,2.5433
COc1cc(ccc1Nc2ncc(Cl)c(n2)c3cnc4ccccn34)N5CC6COCC(C5)N6,3.0,2.7571864128112793,-0.2428135871887207,0.2428135871887207,3.3739000000000026,0.37390000000000256
CCC(CC)NC(=O)c1cnn(c1NS(=O)(=O)c2ccc(C)cc2)c3ccccn3,0.27,0.467379629611969,0.19737962961196898,0.19737962961196898,3.294920000000001,3.024920000000001
Clc1ccc2N(C3CCN(CCCN4C(=O)Nc5ccccc45)CC3)C(=O)Nc2c1,3.45,3.005067825317383,-0.44493217468261737,0.44493217468261737,3.353200000000001,-0.09679999999999911
CN(C)C(=O)c1ncc(Oc2cc(cc3oc(C)cc23)C(=O)Nc4cnc(C)cn4)cn1,2.1,2.839181661605835,0.7391816616058349,0.7391816616058349,3.3760400000000006,1.2760400000000005
Fc1ccc(CNC(=O)CCS(=O)(=O)c2ccc(Br)cc2)cc1,3.1,3.206181049346924,0.10618104934692374,0.10618104934692374,3.0684000000000022,-0.03159999999999785
[O-][N+](=O)c1ccc(cc1)C2=Nc3ccccc3C(=O)N2,2.5,2.18235445022583,-0.3176455497741699,0.3176455497741699,2.4983000000000004,-0.0016999999999995907
Clc1ccc2C(=O)NC(=Nc2c1)c3ccccc3,3.31,2.8195347785949707,-0.49046522140502935,0.49046522140502935,3.243500000000001,-0.06649999999999912
C=CCN(C1CCN(CCC(c2ccccc2)c3ccccc3)CC1)C(=O)Nc4ccccc4,3.6,3.796161651611328,0.19616165161132804,0.19616165161132804,6.393100000000007,2.7931000000000066
COCCS(=O)(=O)N1CCN(CC1)c2ccc(Nc3nccc(n3)c4cnc(C)n4C(C)C)cc2,2.75,3.0784811973571777,0.32848119735717773,0.32848119735717773,3.0712200000000003,0.3212200000000003
CC(C)n1c(C)ncc1c2ccnc(Nc3ccc(cc3)N4CCN(CC4)S(=O)(=O)CCN(C)C)n2,2.52,2.526766300201416,0.006766300201415998,0.006766300201415998,2.9864200000000016,0.4664200000000016
CC(C)n1c(C)ncc1c2ccnc(Nc3ccc(cc3)N4CCN(CC4)C(=O)C)n2,2.39,3.104916572570801,0.7149165725708007,0.7149165725708007,3.6415200000000025,1.2515200000000024
CC(C)n1c(C)ncc1c2ccnc(Nc3ccc(cc3)N4CCN(CC4)C(=O)CN(C)C)n2,3.31,2.4644687175750732,-0.8455312824249268,0.8455312824249268,3.183220000000002,-0.1267799999999979
CC(C)n1c(C)ncc1c2nc(Nc3ccc(cc3)N4CCN(CC4)C(=O)CO)ncc2F,2.19,2.72162127494812,0.5316212749481202,0.5316212749481202,2.7530200000000002,0.5630200000000003
C[C@H](O)C(=O)N1CCN(CC1)c2ccc(Nc3nccc(n3)c4cnc(C)n4C(C)C)cc2,2.15,2.701287269592285,0.5512872695922852,0.5512872695922852,3.0024200000000008,0.8524200000000008
CC(C)n1c(C)ncc1c2ccnc(Nc3ccc(cc3)N4CCN(CC4)C(=O)CO)n2,1.69,2.7179677486419678,1.0279677486419678,1.0279677486419678,2.6139200000000016,0.9239200000000016
CC(C)n1c(C)ncc1c2ccnc(Nc3ccc(cc3)N4CCN(CC4)S(=O)(=O)C)n2,2.57,3.0258491039276123,0.45584910392761246,0.45584910392761246,3.0546200000000017,0.4846200000000018
CC(C)N1CCN(Cc2cnc(c(Cl)c2)c3ccc(cc3)C(=O)Nc4ccccc4N)CC1,1.68,2.144099473953247,0.46409947395324713,0.46409947395324713,4.762500000000003,3.082500000000003
CC(C)N1CCN(Cc2cnc(c(F)c2)c3ccc(cc3)C(=O)Nc4ccccc4N)CC1,1.6,1.986640453338623,0.38664045333862296,0.38664045333862296,4.248200000000002,2.6482000000000023
CC(C)N1CCN(Cc2cnc(c3ccc(cc3)C(=O)Nc4ccccc4N)c(c2)C#N)CC1,1.28,1.8487021923065186,0.5687021923065185,0.5687021923065185,3.980780000000002,2.7007800000000017
CCN1CCN(Cc2cnc(c(Cl)c2)c3ccc(cc3)C(=O)Nc4ccccc4N)CC1,1.81,2.2511630058288574,0.44116300582885737,0.44116300582885737,4.374000000000002,2.5640000000000023
CCN1CCN(Cc2cnc(c3ccc(cc3)C(=O)Nc4ccccc4N)c(c2)C#N)CC1,1.14,1.8070955276489258,0.6670955276489259,0.6670955276489259,3.5922800000000015,2.452280000000002
CC(C)N1CCN(Cc2cnc(c(C)c2)c3ccc(cc3)C(=O)Nc4ccccc4N)CC1,1.44,1.955540418624878,0.515540418624878,0.515540418624878,4.417520000000003,2.9775200000000033
CCN1CCN(Cc2cnc(c(C)c2)c3ccc(cc3)C(=O)Nc4ccccc4N)CC1,1.2,2.0625898838043213,0.8625898838043213,0.8625898838043213,4.029020000000002,2.8290200000000016
CC(C)C(NC(=O)CN1C(=O)C(=CC=C1c2ccccc2)NS(=O)(=O)NCc3ccccc3)C(=O)C(F)(F)F,2.57,2.4749796390533447,-0.09502036094665511,0.09502036094665511,3.234,0.6640000000000001
Cn1c(ccc1c2ccc3NC(=S)OC(C)(C)c3c2)C#N,3.4,3.1034891605377197,-0.2965108394622802,0.2965108394622802,3.5258800000000017,0.12588000000000177
CN(C)CC(O)COc1ccc(Nc2cc(Nc3cc(C)ccc3Cl)ncn2)cc1,2.16,2.3716421127319336,0.21164211273193345,0.21164211273193345,4.226920000000002,2.0669200000000014
CN(C)CC(O)COc1ccc(Nc2cc(ncn2)N(CC#N)c3cc(Cl)ccc3Cl)cc1,2.1,2.4104318618774414,0.3104318618774413,0.3104318618774413,4.489980000000003,2.3899800000000027
CN(C)CC(O)COc1ccc(Nc2cc(ncn2)N(CC#C)c3cc(Cl)ccc3Cl)cc1,2.8,2.8835501670837402,0.08355016708374041,0.08355016708374041,4.599600000000003,1.7996000000000034
CN(C)CC(O)COc1ccc(Nc2cc(ncn2)N(CC#N)c3ccc(C)cc3Br)cc1,2.24,2.2566728591918945,0.016672859191894318,0.016672859191894318,4.254100000000003,2.0141000000000027
CN(C)CC(O)COc1ccc(Nc2cc(Nc3cc(Cl)ccc3Cl)ncn2)cc1,2.6,2.662952184677124,0.06295218467712393,0.06295218467712393,4.571900000000003,1.9719000000000029
CN(C)CC(O)COc1ccc(Nc2cc(Nc3ccc(F)cc3F)ncn2)cc1,1.48,2.3034768104553223,0.8234768104553223,0.8234768104553223,3.5433000000000012,2.0633000000000012
CN(C)CC(O)COc1ccc(Nc2cc(ncn2)N(CCC#N)c3cc(Cl)ccc3Cl)cc1,2.1,2.4959206581115723,0.3959206581115722,0.3959206581115722,4.880080000000004,2.780080000000004
COc1ccc(Nc2cc(Nc3ccc(OCC(O)CN(C)C)cc3)ncn2)cc1,1.5,1.9138095378875732,0.41380953788757324,0.41380953788757324,3.2737000000000007,1.7737000000000007
NCC[C@@H](Sc1cc(Cl)ccc1C#N)c2ccccc2,1.26,1.6316750049591064,0.37167500495910644,0.37167500495910644,4.393880000000003,3.133880000000003
COc1cccc(NC(=O)Cn2cc(Oc3ncnc4cc(OC)c(OC)cc34)cn2)c1,3.11,2.9798827171325684,-0.13011728286743152,0.13011728286743152,3.283100000000002,0.17310000000000203
CN1CCc2c(NC(=O)Cc3ccccc3)c4ccccc4nc12,2.8,3.287726402282715,0.487726402282715,0.487726402282715,3.4083000000000023,0.6083000000000025
O=C(Oc1ccc2C(=O)CCOc2c1)c3ccccc3,3.6,2.7820639610290527,-0.8179360389709474,0.8179360389709474,2.8710000000000013,-0.7289999999999988
NC(Cc1cc(I)c(Oc2ccc(O)c(I)c2)c(I)c1)C(=O)O,0.97,0.9483498930931091,-0.021650106906890842,0.021650106906890842,3.952700000000001,2.9827000000000012
ONC(=O)Cc1ccc(Oc2ccccc2)cc1,2.03,2.124217987060547,0.09421798706054707,0.09421798706054707,2.5268000000000006,0.4968000000000008
CCc1cc(O)c(Oc2ccc(cc2F)C(=O)N)cc1F,2.87,3.0426783561706543,0.1726783561706542,0.1726783561706542,3.1240000000000006,0.25400000000000045
CC(C(=O)O)c1cccc(Oc2ccccc2)c1,0.71,0.5255197882652283,-0.1844802117347717,0.1844802117347717,3.6670000000000016,2.9570000000000016
CCCCNc1cc(cc(c1Oc2ccccc2)S(=O)(=O)N)C(=O)O,-0.3,-0.5064054131507874,-0.20640541315078736,0.20640541315078736,3.0365,3.3365
Clc1ccc(N2CCN(CC2)C(=O)CCCc3ccncc3)c(Cl)c1,3.93,3.399165153503418,-0.5308348464965822,0.5308348464965822,4.059900000000003,0.12990000000000324
CC1=CC2=NNC(=O)N2c3cc(ccc13)c4cn[nH]c4,2.13,2.1898412704467773,0.05984127044677745,0.05984127044677745,1.8743199999999998,-0.25568000000000013
CC1=CN([C@H]2CCCN(C2)[C@H](CC3CCOCC3)c4ccc(C(=O)O)c(Oc5cccc(Cl)c5)c4)C(=O)NC1=O,-0.25,0.49886631965637207,0.7488663196563721,0.7488663196563721,5.183820000000004,5.433820000000004
CCNc1nc(N)c(s1)C(=O)c2ccc(Cl)s2,3.63,3.0662078857421875,-0.5637921142578124,0.5637921142578124,3.1030000000000006,-0.5269999999999992
CCCC(=O)NCc1cncc(c1)c2ccc(F)cc2OC,2.9,3.1067049503326416,0.2067049503326417,0.2067049503326417,3.3126000000000024,0.4126000000000025
COc1cc(F)ccc1c2cncc(CNC(C)C)c2,1.5,1.4339137077331543,-0.0660862922668457,0.0660862922668457,3.394300000000001,1.8943000000000012
COc1cccc2sc(NC(=O)c3ccccc3)nc12,3.96,3.3535733222961426,-0.6064266777038574,0.6064266777038574,3.5572000000000017,-0.40279999999999827
COc1ccccc1C(=O)Nc2nc3ccccc3s2,3.61,3.3987956047058105,-0.21120439529418933,0.21120439529418933,3.5572000000000017,-0.05279999999999818
CCCCNc1nc(N)c2NC(=O)N(Cc3ccc(OCCN(C)C)nc3)c2n1,1.9,1.8877894878387451,-0.012210512161254794,0.012210512161254794,1.2975000000000003,-0.6024999999999996
CCn1c(C)c(C(=O)O)c(c2cccc(c2)N3CCN(CC3)c4ccc(NS(=O)(=O)c5ccc(N[C@H](CCN6CCC(O)CC6)CSc7ccccc7)c(c5)S(=O)(=O)C(F)(F)F)cc4)c1c8ccc(Cl)cc8,4.2,2.8090245723724365,-1.3909754276275637,1.3909754276275637,10.342519999999993,6.142519999999993
O=C1C=C(N=C2C=CC=CN12)N3CCOCC3,1.0,0.7793461680412292,-0.22065383195877075,0.22065383195877075,0.5310999999999999,-0.4689000000000001
CC#Cc1ccnc(c1)c2cc(ccc2O)C3(N=C(C)C(=N3)N)C4CC4,3.6,3.1416256427764893,-0.45837435722351083,0.45837435722351083,3.2201000000000013,-0.3798999999999988
O=S(=O)(Nc1ccccc1c2ccccc2)c3ccccc3,3.96,2.6472201347351074,-1.3127798652648925,1.3127798652648925,4.1544000000000025,0.19440000000000257
Oc1ccc(CCNCCCS(=O)(=O)NCCSCCc2ccccc2)c3sc(O)nc13,1.77,2.421964168548584,0.651964168548584,0.651964168548584,3.125000000000002,1.3550000000000022
CN1CCC[C@H]1c2ccccn2,0.44,0.18412654101848602,-0.255873458981514,0.255873458981514,1.8483,1.4083
CC(=O)NC[C@H]1CN(C(=O)O1)c2ccc(N3CCOCC3)c(F)c2,0.67,1.0271782875061035,0.3571782875061035,0.3571782875061035,1.1235999999999993,0.4535999999999992
Oc1cccc(NC(=O)c2ccc(OCCCN3CCCC3)cc2OCc4cscn4)c1,1.56,1.7926609516143799,0.23266095161437983,0.23266095161437983,4.544700000000004,2.984700000000004
Nc1nc(Nc2ccc(cc2)S(=O)(=O)N)nn1C(=O)c3c(F)cccc3F,1.87,2.042036294937134,0.17203629493713368,0.17203629493713368,1.218,-0.6520000000000001
CS(=O)(=O)c1ccc(CC(=O)N(C2CC2)C3CCN(CCC(c4ccccc4)c5ccccc5)CC3)cc1,2.89,3.029938220977783,0.13993822097778308,0.13993822097778308,5.310200000000006,2.420200000000006
Nc1c2CCN(c3ccccc3)c2nc4ccc(Br)cc14,3.12,3.6303279399871826,0.5103279399871825,0.5103279399871825,4.2737000000000025,1.1537000000000024
NC(=N)Nc1ccc(cc1)C(=O)Oc2ccccc2,-0.21,-0.3436530828475952,-0.13365308284759522,0.13365308284759522,2.21117,2.42117
NC(=N)Nc1ccc(cc1)C(=O)Oc2ccc(cc2)[N+](=O)[O-],0.5,0.13164840638637543,-0.3683515936136246,0.3683515936136246,2.11937,1.61937
NC(=N)Nc1ccc(cc1)C(=O)Oc2ccc(Cl)cc2,0.7,0.5793445706367493,-0.12065542936325069,0.12065542936325069,2.8645700000000014,2.164570000000001
NC1(CCC1)c2ccc(cc2)c3ncc4ccncc4c3c5ccccc5,2.2,1.7662162780761719,-0.4337837219238283,0.4337837219238283,5.301700000000004,3.1017000000000037
CCc1nc2c(N)nc3ccccc3c2n1CCCCNS(=O)(=O)C,1.24,1.8420255184173584,0.6020255184173584,0.6020255184173584,2.0585,0.8185
CCOCc1nc2c(N)nc3ccccc3c2n1CC(C)(C)O,1.69,1.5622997283935547,-0.12770027160644526,0.12770027160644526,2.4741000000000013,0.7841000000000014
CCc1nc2c(N)nc3ccccc3c2n1CC(C)(C)O,1.38,1.7985754013061523,0.41857540130615245,0.41857540130615245,2.5000000000000013,1.1200000000000014
CC(C)Cn1cnc2c(N)nc3ccccc3c12,2.52,2.8436503410339355,0.32365034103393553,0.32365034103393553,2.8227,0.3027000000000002
CCc1nc2c(N)nc3ccccc3c2n1CC(C)C,2.55,3.245046615600586,0.6950466156005861,0.6950466156005861,3.385100000000002,0.8351000000000024
CCCCc1nc2c(N)nc3ccccc3c2n1CC(C)C,3.82,3.7904181480407715,-0.029581851959228356,0.029581851959228356,4.165300000000003,0.34530000000000305
CCCCc1nc2c(N)nc3ccccc3c2n1CC(C)(C)O,2.37,2.951967716217041,0.5819677162170409,0.5819677162170409,3.280200000000002,0.9102000000000019
CN(C)c1cccc(c1)C(=O)Nc2ccc(C)c(NC(=O)c3ccc(OCc4ccccn4)cc3)c2,2.83,3.118260383605957,0.28826038360595696,0.28826038360595696,5.539620000000005,2.7096200000000046
COc1ccnc(CSc2nc3ccccc3[nH]2)c1,2.89,2.9454336166381836,0.05543361663818347,0.05543361663818347,3.258800000000001,0.3688000000000007
COc1cc2nnc(C(=O)N)c(Nc3ccc(C)cc3F)c2cc1N4CCN(C)CC4,2.36,2.705857753753662,0.34585775375366223,0.34585775375366223,2.680220000000001,0.3202200000000013
CCOc1cc2nnc(C(=O)N)c(Nc3cccc(Cl)c3F)c2cc1N4CCN(C)CC4,1.99,2.9947590827941895,1.0047590827941895,1.0047590827941895,3.415300000000002,1.425300000000002
COc1cc2nnc(C(=O)N)c(Nc3cccc(Cl)c3F)c2cc1N4CCN(C)CC4,2.35,2.8721704483032227,0.5221704483032226,0.5221704483032226,3.0252000000000017,0.6752000000000016
COc1cc2nnc(C(=O)N)c(Nc3ccc(F)cc3F)c2cc1N4CCN(C)CC4,2.36,2.634672164916992,0.2746721649169923,0.2746721649169923,2.5109000000000004,0.15090000000000048
CCOc1cc2nnc(C(=O)N)c(Nc3cc(C)ccc3F)c2cc1N4CCN(C)CC4,3.02,2.965972423553467,-0.05402757644653322,0.05402757644653322,3.0703200000000015,0.050320000000001475
COc1cc2nnc(C(=O)N)c(Nc3cc(C)ccc3F)c2cc1N4CCN(C)CC4,2.57,2.6280205249786377,0.058020524978637855,0.058020524978637855,2.680220000000001,0.11022000000000132
CCOc1cc2nnc(C(=O)N)c(Nc3ccc(F)cc3F)c2cc1N4CCN(C)CC4,2.63,2.892916202545166,0.2629162025451661,0.2629162025451661,2.9010000000000016,0.2710000000000017
CC[C@H](Nc1ncnc2[nH]cnc12)C3=Nc4cccc(F)c4C(=O)N3c5ccccc5,2.72,2.493851661682129,-0.2261483383178713,0.2261483383178713,3.7543000000000015,1.0343000000000013
C[C@H](Nc1ncc(F)c(Nc2cc([nH]n2)C3CC3)n1)c4ccc(F)cn4,3.14,3.1500515937805176,0.010051593780517454,0.010051593780517454,3.6670000000000016,0.5270000000000015
CCN(C)C(=O)c1ccc(cc1)C(=C2CCN(Cc3ccc(F)cc3)CC2)c4ccccc4NC(=O)C,2.79,3.0778744220733643,0.2878744220733642,0.2878744220733642,5.973900000000006,3.1839000000000057
CCN(CC)C(=O)c1ccc(cc1)C(=C2CCN(Cc3ccc(F)cc3)CC2)c4ccc(NC(=O)OC)cc4,4.01,3.2913782596588135,-0.7186217403411863,0.7186217403411863,6.583900000000007,2.573900000000007
COc1ccc(cc1)C(=O)N2CCCC2=O,0.93,0.5042170286178589,-0.42578297138214116,0.42578297138214116,1.4578,0.5277999999999999
CC(COc1ccccc1)NC(C)C(O)c2ccc(O)cc2,0.56,0.642815113067627,0.0828151130676269,0.0828151130676269,2.871200000000001,2.311200000000001
CN(CCOc1ccc(NS(=O)(=O)C)cc1)CCc2ccc(NS(=O)(=O)C)cc2,0.6,-0.031135201454162598,-0.6311352014541626,0.6311352014541626,1.9828999999999997,1.3828999999999998
CC(C)C(NC(=O)CN1C(=O)C(=CN=C1c2ccc(F)cc2)NC(=O)OCc3ccccc3)C(=O)C(F)(F)F,2.47,2.7642433643341064,0.29424336433410625,0.29424336433410625,4.070300000000002,1.600300000000002
CC(C)C(NC(=O)CN1C(=O)C(=CN=C1c2ccccc2)NC(=O)OCc3ccccc3)C(=O)C(F)(F)F,2.12,2.6475958824157715,0.5275958824157714,0.5275958824157714,3.9312000000000022,1.8112000000000021
O=C1N([Se]c2ccccc12)c3ccccc3,3.31,2.660458564758301,-0.6495414352416993,0.6495414352416993,2.0477000000000003,-1.2622999999999998
COc1cc(C)c(c(C)c1)S(=O)(=O)N(C)CCOCC(=O)N2CCC(CC2)C3CCN(C)CC3,0.3,0.9706882834434509,0.6706882834434509,0.6706882834434509,2.5295400000000017,2.229540000000002
CCCCOc1nc(N)c2NC(=O)N(Cc3cccc(CC(=O)OC)c3)c2n1,3.76,3.3162624835968018,-0.44373751640319803,0.44373751640319803,1.6444999999999992,-2.115500000000001
COCCOc1nc(N)c2NC(=O)N(Cc3cccc(CC(=O)OC)c3)c2n1,1.86,2.502380609512329,0.642380609512329,0.642380609512329,0.4908000000000001,-1.3692
COCCOc1nc(N)c2NC(=O)N(Cc3ccccc3)c2n1,2.26,2.2732911109924316,0.013291110992431854,0.013291110992431854,0.7752999999999998,-1.4847000000000001
CCCCOc1nc(N)c2NC(=O)N(Cc3cccc(CC(=O)O)c3)c2n1,0.14,0.3815702795982361,0.24157027959823607,0.24157027959823607,1.5560999999999994,1.4160999999999992
N(c1ccccc1)c2[nH]nnc2c3ccccc3,3.37,2.8234167098999023,-0.5465832901000978,0.5465832901000978,3.215300000000001,-0.15469999999999917
COc1cc(O)c(C(CC(=O)N2CC(C)CC(C)C2)c3ccc4OCOc4c3)c(OC)c1,4.3,3.11708927154541,-1.1829107284545897,1.1829107284545897,4.164600000000004,-0.1353999999999962
C(N1CCN(CC1)c2nc3ccccc3s2)c4nnnn4Cc5cccs5,3.65,2.792421340942383,-0.8575786590576171,0.8575786590576171,2.714800000000001,-0.9351999999999987
C[C@@H]1CCCN1CCc2oc3ccc(cc3c2)c4ccc(cc4)C#N,3.51,3.242734670639038,-0.2672653293609617,0.2672653293609617,4.998280000000005,1.488280000000005
C[C@H]1CCCN1CCc2oc3ccc(cc3c2)c4ccc(cc4)C#N,3.25,3.1168651580810547,-0.1331348419189453,0.1331348419189453,4.998280000000005,1.7482800000000047
Cn1cnc(c2ccccc2)c1\C=C\c3ccnc(N)n3,2.61,2.711925506591797,0.101925506591797,0.101925506591797,2.6296999999999997,0.01969999999999983
COc1ccc(cc1)c2nc3CCCn3c2Br,3.3,3.3771491050720215,0.07714910507202166,0.07714910507202166,3.267400000000002,-0.03259999999999774
OC(=O)[C@H](Cc1ccc(cc1)N2CCN(CC2)c3ccccc3)NC(=O)c4c(Cl)cccc4Cl,0.08,0.5780921578407288,0.49809215784072874,0.49809215784072874,4.745700000000005,4.665700000000005
OC1(CCc2ccc(Oc3ccc(cc3)C(=O)NCc4ccncn4)cc2)CN5CCC1CC5,0.76,1.307976245880127,0.5479762458801269,0.5479762458801269,3.5882000000000023,2.8282000000000025
CCC(N(CCCN)C(=O)c1ccc(OC)cc1)C2=Nc3ccsc3C(=O)N2Cc4ccccc4,1.39,1.3438081741333008,-0.04619182586669912,0.04619182586669912,4.457200000000004,3.067200000000004
CCC(N(CCCN)C(=O)c1ccc(C)cc1)C2=Nc3ccsc3C(=O)N2Cc4ccc(Cl)cc4,2.32,1.947880506515503,-0.3721194934844969,0.3721194934844969,5.410420000000006,3.0904200000000057
CCC(NC(=O)c1ccc(C)cc1)C2=Nc3ccsc3C(=O)N2Cc4ccccc4,4.14,3.8206543922424316,-0.31934560775756804,0.31934560775756804,4.695820000000004,0.5558200000000042
CCC(N(CCCN)C(=O)c1ccccc1)C2=Nc3ccsc3C(=O)N2Cc4ccccc4,1.38,1.35233473777771,-0.027665262222289932,0.027665262222289932,4.448600000000003,3.0686000000000035
CCC(N(CCCN)C(=O)c1ccc(cc1)C(C)C)C2=Nc3ccsc3C(=O)N2Cc4ccccc4,2.72,2.008044481277466,-0.7119555187225344,0.7119555187225344,5.572000000000005,2.852000000000005
CCC(N(CCCN)C(=O)c1ccc(C)cc1)C2=Nc3ccsc3C(=O)N2Cc4ccc(C)cc4,1.69,1.6737449169158936,-0.016255083084106392,0.016255083084106392,5.065440000000005,3.375440000000005
CCC(N(CCCN)C(=O)c1ccc(C)cc1)C2=Nc3ccsc3C(=O)N2Cc4ccc(OC)cc4,2.15,1.4830503463745117,-0.6669496536254882,0.6669496536254882,4.765620000000004,2.615620000000004
CCC(N(CCCN)C(=O)c1ccc(C)cc1)C2=Nc3ccsc3C(=O)N2Cc4ccccc4,1.81,1.4842820167541504,-0.32571798324584966,0.32571798324584966,4.757020000000004,2.947020000000004
COc1ccc(cc1CO)c2ccc3c(nc(nc3n2)n4ccnc4)N5CCOC[C@@H]5C,2.6,2.7786335945129395,0.17863359451293936,0.17863359451293936,2.6035000000000004,0.0035000000000002807
O=C(N1CCN(CC1)c2ccccn2)c3cccc(CC4=NNC(=O)c5ccccc45)c3,2.36,1.9655444622039795,-0.3944555377960204,0.3944555377960204,2.8713000000000006,0.5113000000000008
Fc1ccc(CC2=NNC(=O)c3ccccc23)cc1C(=O)N4CCN(CC4)c5ccccn5,2.55,2.1365091800689697,-0.4134908199310301,0.4134908199310301,3.0104000000000015,0.4604000000000017
O=C(NCCCCc1ccccc1)c2ccccc2,3.8,3.4180073738098145,-0.38199262619018537,0.38199262619018537,3.439300000000002,-0.3606999999999978
CCOC(=O)c1cc(O)c(nn1)c2ccccc2,0.69,2.006084442138672,1.316084442138672,1.316084442138672,2.0259,1.3359
CC(=O)Nc1cc(CN2C(=O)N(C(=O)C2(C)C)c3ccc(SC(F)(F)F)cc3)ccn1,2.93,2.789071798324585,-0.1409282016754152,0.1409282016754152,4.399300000000004,1.4693000000000036
COc1c(N2CCO[C@@H](CN(C)C)C2)c(F)cc3C(=O)C(=CN(C4CC4)c13)C(=O)O,-0.62,-0.6924245953559875,-0.07242459535598755,0.07242459535598755,1.9490999999999994,2.5690999999999993
CS(=O)(=O)c1ccc(nc1)c2nnc(\C=C\c3oc(nn3)c4ccc(cc4)C#N)n2c5ccccc5Cl,2.66,2.7789125442504883,0.11891254425048814,0.11891254425048814,4.478280000000003,1.8182800000000032
CC(C)(C)C(O)\C(=C/c1ccc(Cl)cc1Cl)\n2cncn2,3.8,3.469269275665283,-0.3307307243347166,0.3307307243347166,3.990000000000003,0.19000000000000306
C[S+]([O-])c1ccc(\C=C/2\C(=C(CC(=O)O)c3cc(F)ccc23)C)cc1,-0.01,0.6437388062477112,0.6537388062477112,0.6537388062477112,4.3655000000000035,4.375500000000003
COc1cc(NS(=O)(=O)c2ccc(N)cc2)nc(OC)n1,0.2,-0.0710921436548233,-0.2710921436548233,0.2710921436548233,0.8768,0.6768000000000001
COc1ncnc(NS(=O)(=O)c2ccc(N)cc2)c1OC,-0.73,-0.35754483938217163,0.37245516061782835,0.37245516061782835,0.8768,1.6068
CCN(CC)C(=O)c1ccc(cc1)C(N2CCNCC2)c3cccc4cccnc34,0.7,1.1498242616653442,0.4498242616653443,0.4498242616653443,3.711400000000002,3.011400000000002
O=C1C=C(OCc2ccccc2)C=CN1c3ccc4c(cnn4CCN5CCCC5)c3,2.0,2.5207879543304443,0.5207879543304443,0.5207879543304443,3.8620000000000028,1.8620000000000028
Oc1ccc(cc1)c2nc3ccccc3nc2c4ccc(O)cc4,2.7,3.320737600326538,0.6207376003265379,0.6207376003265379,4.375000000000003,1.6750000000000025
CN1CCN(CC1)C(=O)Cc2csc(NS(=O)(=O)c3cccc(Cl)c3C)n2,0.57,0.18708564341068268,-0.3829143565893173,0.3829143565893173,2.22222,1.6522200000000002
OCC(O)CN1CCN(CC1)c2ccccc2,0.4,0.7393511533737183,0.33935115337371824,0.33935115337371824,0.16179999999999994,-0.23820000000000008
CC(C)(CS(=O)(=O)N1CCN(CC1)c2ccc(F)cc2)N(O)C=O,1.07,1.5927119255065918,0.5227119255065917,0.5227119255065917,0.9036999999999997,-0.16630000000000034
COc1cc2ncnc(Nc3cc(NC(=O)c4ccnc(c4)N5CCOCC5)ccc3C)c2cc1OCCN6CCCC6,2.7,2.6143875122070312,-0.08561248779296893,0.08561248779296893,4.648920000000004,1.9489200000000038
C[C@H](Oc1ncc(Cl)c(Nc2cc(C)[nH]n2)n1)c3ncc(F)cn3,1.82,2.4217567443847656,0.6017567443847656,0.6017567443847656,2.97422,1.1542199999999998
COc1nc(Br)cnc1NS(=O)(=O)c2ccc(Cl)s2,0.99,1.6464629173278809,0.6564629173278809,0.6564629173278809,2.7634000000000007,1.7734000000000008
Clc1ccc(cc1C(=O)NCC2CCCCC2)N3N=CC(=O)NC3=O,1.26,1.4962058067321777,0.23620580673217773,0.23620580673217773,1.8842999999999992,0.6242999999999992
Nc1cccc(NC(=O)c2ccc(CNC(=O)OCc3cccnc3)cc2)c1,1.6,1.79803466796875,0.1980346679687499,0.1980346679687499,3.342500000000002,1.742500000000002
Nc1ccccc1NC(=O)c2ccc(CNC(=O)OCc3cccnc3)cc2,1.26,1.9197638034820557,0.6597638034820557,0.6597638034820557,3.342500000000001,2.0825000000000014
NC1(CCC1)c2ccc(cc2)c3ncc4cccn4c3c5ccccc5,2.5,1.8788559436798096,-0.6211440563201904,0.6211440563201904,5.006200000000003,2.5062000000000033
CSc1nc(nn1Cc2ccccc2)c3ccccc3,3.83,3.557978630065918,-0.2720213699340821,0.2720213699340821,3.715300000000002,-0.11469999999999825
Nc1nc(nn1Cc2ccccc2)c3ccccc3,1.91,2.87227201461792,0.96227201461792,0.96227201461792,2.5756000000000006,0.6656000000000006
CCCC1=CC(=CC(=O)N1Cc2ccc(cc2)c3ccccc3c4nn[nH]n4)OCc5ccccc5,2.4,3.5067198276519775,1.1067198276519776,1.1067198276519776,5.275200000000004,2.8752000000000044
COc1cc(ccc1Cn2ncc3ccc(NC(=O)CC4CCCC4)cc23)C(=O)NS(=O)(=O)c5ccccc5,1.6,1.5324721336364746,-0.06752786636352548,0.06752786636352548,4.730700000000004,3.130700000000004
C[C@@H]1CN(CC2(CC2)C(=O)N)CCN1S(=O)(=O)c3ccc(cc3)C(C)(O)C(F)(F)F,1.03,2.1348376274108887,1.1048376274108886,1.1048376274108886,1.4167000000000003,0.38670000000000027
COc1cc(OC2CCN(CC2)C(=O)C)ccc1Nc3ncc(Cl)c(n3)c4cnc5ccccn45,4.0,3.3626832962036133,-0.6373167037963867,0.6373167037963867,4.586600000000003,0.5866000000000033
COc1cc(OC2CCNCC2)ccc1Nc3ncc(Cl)c(n3)c4cnc5ccccn45,1.8,1.6997833251953125,-0.10021667480468754,0.10021667480468754,4.327700000000002,2.527700000000002
Cc1cccc2c(CCNCc3cccc(CCNC[C@H](O)c4ccc(O)c5NC(=O)Sc45)c3)c[nH]c12,1.13,0.9528319835662842,-0.1771680164337157,0.1771680164337157,4.282920000000002,3.1529200000000017
O[C@]1(CN2CCC1CC2)C#Cc3ccc(Oc4ccc(cc4)C(=O)NC5CCS(=O)(=O)C5)cc3,1.64,1.6501038074493408,0.010103807449340918,0.010103807449340918,2.2039999999999997,0.5639999999999998
COc1ccc2nccc([C@@H](O)[C@@H]3C[C@H]4CCN3C[C@@H]4C=C)c2c1,2.26,1.9859638214111328,-0.274036178588867,0.274036178588867,3.1732000000000014,0.9132000000000016
Brc1ccc(s1)N2C[C@@]3(CN4CCC3CC4)OC2=O,2.0,1.7565059661865234,-0.24349403381347656,0.24349403381347656,2.9316000000000013,0.9316000000000013
O=C1O[C@]2(CN3CCC2CC3)CN1c4cccs4,0.9,0.4906885027885437,-0.4093114972114563,0.4093114972114563,2.1691000000000003,1.2691000000000003
FC(F)c1nc2ccccc2n1c3nc(nc(n3)N4CCOCC4)N5CCOCC5,3.04,3.152621030807495,0.11262103080749508,0.11262103080749508,1.8212999999999995,-1.2187000000000006
CN[C@@H](C)C(=O)N[C@@H](C1CCCCC1)C(=O)N[C@H]2CCN(CCCc3ccccc3)C2,1.9,2.244570255279541,0.3445702552795411,0.3445702552795411,2.4827000000000004,0.5827000000000004
CC1CC(CN)CC(CO)C1,-1.4,0.15764382481575012,1.55764382481575,1.55764382481575,0.9897999999999998,2.3897999999999997
NC(=O)C1CCCCC1,0.9,1.1843538284301758,0.28435382843017576,0.28435382843017576,1.0519999999999996,0.15199999999999958
CC1(C)CCC(CC1)NC(=O)[C@@H](N)CCC(=O)O,-0.27,-0.5218247771263123,-0.25182477712631224,0.25182477712631224,1.2635,1.5335
O[C@@H](CNCCc1ccccc1CNCCc2ccccc2F)c3ccc(O)c4NC(=O)Sc34,1.58,1.1165239810943604,-0.4634760189056397,0.4634760189056397,3.632300000000002,2.052300000000002
Cn1cc(cc1C=O)C(=O)CCCCOc2ccc(cc2)C(=O)O,0.14,0.39673930406570435,0.25673930406570433,0.25673930406570433,2.9678000000000013,2.827800000000001
O[C@]1(CN2CCC1CC2)C#Cc3ccc(Oc4ccc(cc4)C(=O)NC5CCCS(=O)(=O)C5)cc3,1.4,1.5029900074005127,0.10299000740051278,0.10299000740051278,2.594100000000001,1.194100000000001
CC(C)N1CCC(CC1)N(C(=O)Cc2ccccc2)c3ccc(Cl)cc3,2.3,3.080172538757324,0.7801725387573244,0.7801725387573244,4.788500000000004,2.4885000000000046
O=C(NC1(CC1)C#N)[C@@H]2CCCC[C@H]2C(=O)N3CCN(CC3)c4ncc(C#N)s4,1.2,1.7114500999450684,0.5114500999450684,0.5114500999450684,1.6421599999999998,0.4421599999999999
CC(C)(C#N)c1cnc(s1)N2CCN(CC2)C(=O)[C@@H]3CCCC[C@H]3C(=O)NC4(CC4)C#N,1.9,1.9074304103851318,0.007430410385131925,0.007430410385131925,2.5716600000000005,0.6716600000000006
CCc1csc(n1)N2CCN(CC2)C(=O)[C@@H]3CCCC[C@H]3C(=O)NC4(CC4)C#N,2.1,2.0867254734039307,-0.013274526596069425,0.013274526596069425,2.3328800000000003,0.2328800000000002
FC(F)(F)c1csc(n1)N2CCN(CC2)C(=O)[C@@H]3CCCC[C@H]3C(=O)NC4(CC4)C#N,2.4,2.4681220054626465,0.06812200546264657,0.06812200546264657,2.7892800000000006,0.38928000000000074
O=C(NC1(CC1)C#N)[C@@H]2CCCC[C@H]2C(=O)N3CCN(CC3)c4nccs4,1.3,1.3074774742126465,0.00747747421264644,0.00747747421264644,1.7704799999999996,0.47047999999999957
Cc1sc(nc1C(F)(F)F)N2CCN(CC2)C(=O)[C@@H]3CCCC[C@H]3C(=O)NC4(CC4)C#N,2.87,2.927628517150879,0.0576285171508788,0.0576285171508788,3.0977000000000015,0.22770000000000135
CC(C)n1c(C)ncc1c2ccnc(Nc3ccc(cc3)S(=O)(=O)CC4CCCO4)n2,2.82,3.047351360321045,0.22735136032104508,0.22735136032104508,3.9257200000000028,1.105720000000003
CC(N)Cc1c[nH]c2ccc(OCc3cccs3)cc12,0.48,1.7481961250305176,1.2681961250305176,1.2681961250305176,3.698100000000002,3.218100000000002
CNc1c(Br)cnc2[nH]c(nc12)c3cnn(c3)C4CCN(C)CC4,2.5,2.3709821701049805,-0.12901782989501953,0.12901782989501953,2.8923000000000014,0.3923000000000014
Nc1nc(cs1)c2ccccc2,2.43,2.6705210208892822,0.24052102088928207,0.24052102088928207,2.3923000000000005,-0.03769999999999962
Nc1nc(cs1)c2ccc(Cl)cc2,3.31,3.113858699798584,-0.19614130020141607,0.19614130020141607,3.045700000000001,-0.2642999999999991
OC(=O)CSCC(=O)Nc1nc(cs1)c2ccc(F)cc2,-0.2,-0.10256189107894897,0.09743810892105104,0.09743810892105104,2.7055000000000007,2.905500000000001
NC(=O)Cc1nc(cs1)c2ccccc2,1.3,2.308398962020874,1.008398962020874,1.008398962020874,1.8378999999999999,0.5378999999999998
Cc1sc(N)nc1c2ccccc2,2.75,2.7676053047180176,0.017605304718017578,0.017605304718017578,2.7007200000000005,-0.049279999999999546
Nc1ncc2cc(c(N)nc2n1)c3c(Br)cccc3Br,2.06,2.613494634628296,0.5534946346282958,0.5534946346282958,3.3812000000000006,1.3212000000000006
COc1cc(OC)cc(c1)c2cc3cnc(N)nc3nc2N,2.14,2.1649746894836426,0.024974689483642454,0.024974689483642454,1.8733999999999997,-0.2666000000000004
COc1ccc(C(=O)Nc2c(Cl)cncc2Cl)c3cccnc13,2.09,2.4771599769592285,0.38715997695922866,0.38715997695922866,4.1975000000000025,2.1075000000000026
Fc1cc(ccc1C2=CCOCC2)N3C[C@H](COc4ccon4)OC3=O,2.61,2.4363999366760254,-0.17360006332397449,0.17360006332397449,3.021600000000002,0.4116000000000022
COCCNCc1ccc(CCNC[C@H](O)c2ccc(O)c3NC(=O)Sc23)cc1,-0.54,0.17100925743579865,0.7110092574357987,0.7110092574357987,1.8968999999999998,2.4368999999999996
COCCNCc1cccc(CCNC[C@H](O)c2ccc(O)c3NC(=O)Sc23)c1,0.01,0.1483577936887741,0.1383577936887741,0.1383577936887741,1.8969,1.8869
CCC(CO)NCCNC(CC)CO,-1.42,-0.4186050295829773,1.0013949704170226,1.0013949704170226,-0.292599999999999,1.1274000000000008
